[
  {
    "id": "p_fmz_t1",
    "tenantId": "t_fmz",
    "code": "FMZ-T1",
    "name": "FMZ Tower 1",
    "type": "Commercial",
    "status": "Active",
    "address": {
      "line1": "King Rd 12",
      "city": "Jeddah",
      "country": "SA"
    },
    "areaSqm": 32000,
    "floors": 28,
    "units": 240,
    "yearBuilt": 2018,
    "owner": "FMZ Holding",
    "manager": "Fixzit FM"
  },
  {
    "id": "p_acme_r1",
    "tenantId": "t_acme",
    "code": "AC-RES-1",
    "name": "ACME Residences",
    "type": "Residential",
    "status": "Active",
    "address": {
      "line1": "Olaya 45",
      "city": "Riyadh",
      "country": "SA"
    },
    "areaSqm": 18000,
    "floors": 10,
    "units": 160,
    "yearBuilt": 2020,
    "owner": "ACME Real Estate",
    "manager": "Fixzit FM"
  },
  {
    "id": "p_green_cplx",
    "tenantId": "t_green",
    "code": "GRN-CMP-1",
    "name": "Green Energy Campus",
    "type": "Facility",
    "status": "UnderConstruction",
    "address": {
      "line1": "Industrial 3",
      "city": "Dammam",
      "country": "SA"
    },
    "areaSqm": 56000,
    "floors": 5,
    "units": 40,
    "yearBuilt": 2025,
    "owner": "Green Energy",
    "manager": "Fixzit FM"
  }
]