[
  {
    "id": "TKT-002",
    "subject": "Property Images Not Loading Properly",
    "email": "sara.mohammed@email.com",
    "page": "Unknown",
    "status": "open",
    "priority": "medium",
    "assignee": null,
    "created_at": "2025-09-05T09:29:29.416041",
    "last_activity": "2025-09-05T09:29:29.416047",
    "tags": [],
    "thread": [
      {
        "id": "msg-TKT-002-1",
        "from": "user",
        "author": "sara.mohammed@email.com",
        "text": "When I navigate to the properties section, the property images show as broken links or placeholder icons instead of the actual photos.",
        "attachments": [],
        "timestamp": "2025-09-05T09:29:29.416051"
      }
    ],
    "metadata": {
      "user_agent": "",
      "ip_address": "",
      "session_id": "",
      "user_id": null
    }
  },
  {
    "id": "TKT-001",
    "subject": "Login Issues - Cannot Access Dashboard",
    "email": "ahmed.ali@email.com",
    "page": "Unknown",
    "status": "open",
    "priority": "high",
    "assignee": null,
    "created_at": "2025-09-05T09:29:29.408715",
    "last_activity": "2025-09-05T09:29:29.408720",
    "tags": [],
    "thread": [
      {
        "id": "msg-TKT-001-1",
        "from": "user",
        "author": "ahmed.ali@email.com",
        "text": "I'm unable to login to my account. Every time I enter my credentials, I get an 'Invalid credentials' error, even after resetting my password multiple times.",
        "attachments": [],
        "timestamp": "2025-09-05T09:29:29.408722"
      }
    ],
    "metadata": {
      "user_agent": "",
      "ip_address": "",
      "session_id": "",
      "user_id": null
    }
  },
  {
    "id": "TKT-003",
    "subject": "Payment Gateway Error During Rent Payment",
    "email": "omar.hassan@email.com",
    "page": "Unknown",
    "status": "open",
    "priority": "urgent",
    "assignee": null,
    "created_at": "2025-09-05T09:29:29.422896",
    "last_activity": "2025-09-05T09:29:29.422900",
    "tags": [],
    "thread": [
      {
        "id": "msg-TKT-003-1",
        "from": "user",
        "author": "omar.hassan@email.com",
        "text": "I'm trying to pay my rent through the platform but the payment gateway keeps throwing an error. It says 'Transaction failed - Please try again' but I've tried multiple times with different cards.",
        "attachments": [],
        "timestamp": "2025-09-05T09:29:29.422903"
      }
    ],
    "metadata": {
      "user_agent": "",
      "ip_address": "",
      "session_id": "",
      "user_id": null
    }
  }
]