{
  "first_response_sla_minutes": 30,
  "resolution_sla_minutes": 120,
  "business_hours_only": false,
  "priorities": {
    "urgent": {
      "first_response_minutes": 15,
      "resolution_minutes": 60
    },
    "high": {
      "first_response_minutes": 30,
      "resolution_minutes": 120
    },
    "medium": {
      "first_response_minutes": 60,
      "resolution_minutes": 240
    },
    "low": {
      "first_response_minutes": 120,
      "resolution_minutes": 480
    }
  },
  "breach_notifications": {
    "enabled": true,
    "notify_on_first_response": true,
    "notify_on_resolution": true,
    "repeated_alerts": false
  }
}