path,size_bytes,type
frontend/web_phase1/src/app/(app)/properties/page.tsx,4622,code
frontend/web_phase1/src/app/(app)/properties/components/PropertyForm.tsx,3396,code
frontend/web_phase1/src/lib/i18n/dictionaries/ar.json,3329,code
frontend/web_phase1/src/lib/i18n/dictionaries/en.json,2574,code
frontend/web_phase1/src/app/(app)/properties/[id]/page.tsx,1832,code
frontend/web_phase1/src/app/(app)/finance/invoices/page.tsx,1688,code
frontend/web_phase1/src/lib/i18n/index.tsx,1655,code
frontend/web_phase1/src/app/(auth)/login/page.tsx,1598,code
frontend/web_phase1/src/app/api/properties/route.ts,1465,code
frontend/web_phase1/src/components/AppSidebar.tsx,1397,code
frontend/web_phase1/src/app/(app)/work-orders/page.tsx,1224,code
frontend/web_phase1/src/data/mock/properties.json,1211,code
frontend/web_phase1/package.json,1165,code
frontend/web_phase1/src/lib/validators/property.ts,1124,code
frontend/web_phase1/src/styles/globals.css,1081,code
frontend/web_phase1/src/app/(app)/dashboard/page.tsx,1014,code
frontend/web_phase1/src/app/page.tsx,970,code
frontend/web_phase1/src/components/ui/Button.tsx,953,code
frontend/web_phase1/src/components/TenantSwitcher.tsx,907,code
frontend/web_phase1/src/components/AppHeader.tsx,903,code
frontend/web_phase1/src/styles/theme.css,878,code
frontend/web_phase1/src/components/ui/Input.tsx,850,code
frontend/web_phase1/scripts/preflight.mjs,828,code
frontend/web_phase1/src/app/layout.tsx,811,code
frontend/web_phase1/src/components/ThemeSwitcher.tsx,732,code
frontend/web_phase1/src/components/ui/Select.tsx,706,code
frontend/web_phase1/tailwind.config.ts,668,code
frontend/web_phase1/src/styles/aurora.css,658,code
frontend/web_phase1/tsconfig.json,648,code
frontend/web_phase1/src/lib/rbac.ts,597,code
frontend/web_phase1/src/components/ui/StatusPill.tsx,591,code
frontend/web_phase1/src/lib/validators/workOrder.ts,555,code
frontend/web_phase1/src/app/api/work-orders/route.ts,553,code
frontend/web_phase1/src/app/api/invoices/route.ts,551,code
frontend/web_phase1/src/app/(app)/layout.tsx,546,code
frontend/web_phase1/src/components/LocaleSwitcher.tsx,514,code
frontend/web_phase1/src/lib/validators/invoice.ts,491,code
frontend/web_phase1/src/components/ui/Pagination.tsx,491,code
frontend/web_phase1/src/components/Breadcrumbs.tsx,488,code
frontend/web_phase1/scripts/i18n-scan.mjs,478,code
frontend/web_phase1/src/app/(app)/properties/new/page.tsx,478,code
frontend/web_phase1/src/data/mock/workOrders.json,476,code
frontend/web_phase1/src/lib/format.ts,454,code
frontend/web_phase1/src/hooks/useLocalStorage.ts,433,code
frontend/web_phase1/src/data/mock/invoices.json,366,code
frontend/web_phase1/src/lib/auth.ts,314,code
frontend/web_phase1/scripts/safe-clean.sh,284,code
frontend/web_phase1/src/styles/rtl.css,242,code
frontend/web_phase1/src/app/(auth)/layout.tsx,218,code
frontend/web_phase1/src/components/SkipLink.tsx,195,code
frontend/web_phase1/src/lib/tenants.ts,193,code
frontend/web_phase1/src/data/mock/tenants.json,180,code
frontend/web_phase1/src/app/api/tenants/route.ts,165,code
frontend/web_phase1/next.config.js,153,code
frontend/web_phase1/.eslintrc.cjs,108,code
frontend/web_phase1/src/lib/i18n/dir.ts,96,code
frontend/web_phase1/next-env.d.ts,81,code
frontend/web_phase1/postcss.config.js,57,code
