path,size_bytes,reason
frontend/web_phase1/src/data/mock/properties.json,1211,not referenced by import graph (heuristic)
frontend/web_phase1/src/styles/globals.css,1081,not referenced by import graph (heuristic)
frontend/web_phase1/src/styles/theme.css,878,not referenced by import graph (heuristic)
frontend/web_phase1/src/styles/aurora.css,658,not referenced by import graph (heuristic)
frontend/web_phase1/src/data/mock/workOrders.json,476,not referenced by import graph (heuristic)
frontend/web_phase1/src/hooks/useLocalStorage.ts,433,not referenced by import graph (heuristic)
frontend/web_phase1/src/data/mock/invoices.json,366,not referenced by import graph (heuristic)
frontend/web_phase1/src/styles/rtl.css,242,not referenced by import graph (heuristic)
frontend/web_phase1/src/data/mock/tenants.json,180,not referenced by import graph (heuristic)
