{
  "version": "1.0",
  "updated_at": "2025-09-03T11:18:36.127843",
  "slos": {
    "availability": {
      "name": "System Availability",
      "description": "Overall system uptime",
      "target": 99.9,
      "unit": "percentage",
      "period_days": 30,
      "thresholds": {
        "green": 99.5,
        "yellow": 99.0,
        "red": 98.0
      },
      "enabled": true
    },
    "response_time": {
      "name": "Response Time",
      "description": "95th percentile response time",
      "target": 2000,
      "unit": "milliseconds",
      "period_days": 7,
      "thresholds": {
        "green": 2000,
        "yellow": 3000,
        "red": 5000
      },
      "enabled": true
    },
    "error_rate": {
      "name": "Error Rate",
      "description": "Percentage of failed requests",
      "target": 1.0,
      "unit": "percentage",
      "period_days": 7,
      "thresholds": {
        "green": 1.0,
        "yellow": 2.0,
        "red": 5.0
      },
      "enabled": true
    },
    "performance_budget": {
      "name": "Performance Budget Compliance",
      "description": "Core Web Vitals compliance rate",
      "target": 95.0,
      "unit": "percentage",
      "period_days": 7,
      "thresholds": {
        "green": 90.0,
        "yellow": 80.0,
        "red": 70.0
      },
      "enabled": true
    }
  }
}