{
  "timestamp": "2025-09-14T12:15:00.667Z",
  "summary": {
    "totalRequired": 74,
    "totalFound": 4,
    "totalPartial": 57,
    "totalMissing": 13,
    "completionPercentage": "5.4",
    "criticalMissing": 10,
    "criticalTotal": 39,
    "criticalCompletionPercentage": "74.4"
  },
  "missing": {
    "auth": [
      "refreshToken",
      "checkPermissions",
      "logSecurityEvent",
      "detectAnomalies"
    ],
    "finance": [
      "processPayment",
      "recordExpense",
      "calculateVAT"
    ],
    "workOrders": [
      "trackSLA",
      "calculateRoute"
    ],
    "dashboard": [],
    "properties": [
      "uploadDocument"
    ],
    "portals": [],
    "workflows": [
      "moveToNextStep"
    ],
    "realtime": [
      "syncData",
      "manageSocketRooms"
    ]
  },
  "found": {
    "auth": [
      "login",
      "logout"
    ],
    "finance": [],
    "workOrders": [
      "createWorkOrder"
    ],
    "dashboard": [],
    "properties": [
      "generatePropertyReport"
    ],
    "portals": [],
    "workflows": [],
    "realtime": []
  },
  "partial": {
    "auth": [
      {
        "required": "validateJWT",
        "found": "validate"
      },
      {
        "required": "enforceRBAC",
        "found": "for"
      },
      {
        "required": "rateLimitCheck",
        "found": "rateLimit"
      }
    ],
    "finance": [
      {
        "required": "createInvoice",
        "found": "invoice"
      },
      {
        "required": "generateZATCAQRCode",
        "found": "zatca"
      },
      {
        "required": "submitToZATCA",
        "found": "zatca"
      },
      {
        "required": "getBudgetVsActual",
        "found": "get"
      },
      {
        "required": "generateTaxReport",
        "found": "generate"
      },
      {
        "required": "reconcilePayments",
        "found": "payments"
      },
      {
        "required": "processBulkPayments",
        "found": "payments"
      }
    ],
    "workOrders": [
      {
        "required": "updateWorkOrderStatus",
        "found": "workorders"
      },
      {
        "required": "assignTechnician",
        "found": "technician"
      },
      {
        "required": "autoAssignWorkOrder",
        "found": "assignWorkOrder"
      },
      {
        "required": "getServiceHistory",
        "found": "get"
      },
      {
        "required": "dispatchWorkOrder",
        "found": "patch"
      },
      {
        "required": "generatePreventiveMaintenance",
        "found": "maintenance"
      },
      {
        "required": "updateWorkOrderState",
        "found": "workorders"
      },
      {
        "required": "getKanbanView",
        "found": "get"
      },
      {
        "required": "getCalendarView",
        "found": "get"
      },
      {
        "required": "getGanttView",
        "found": "get"
      }
    ],
    "dashboard": [
      {
        "required": "getDashboardMetrics",
        "found": "get"
      },
      {
        "required": "getActivityFeed",
        "found": "get"
      },
      {
        "required": "getCalendarEvents",
        "found": "get"
      },
      {
        "required": "getRoleBasedDashboard",
        "found": "get"
      },
      {
        "required": "getMyWork",
        "found": "get"
      },
      {
        "required": "getAlerts",
        "found": "get"
      },
      {
        "required": "updateKPICard",
        "found": "update"
      },
      {
        "required": "refreshDashboard",
        "found": "dashboard"
      }
    ],
    "properties": [
      {
        "required": "getProperties",
        "found": "get"
      },
      {
        "required": "createProperty",
        "found": "create"
      },
      {
        "required": "updateProperty",
        "found": "update"
      },
      {
        "required": "deleteProperty",
        "found": "delete"
      },
      {
        "required": "getUnits",
        "found": "get"
      },
      {
        "required": "getTenants",
        "found": "get"
      },
      {
        "required": "createLease",
        "found": "create"
      },
      {
        "required": "updateLease",
        "found": "update"
      },
      {
        "required": "getAssetRegister",
        "found": "get"
      },
      {
        "required": "createInspection",
        "found": "create"
      },
      {
        "required": "getInspectionTemplates",
        "found": "get"
      },
      {
        "required": "getPropertyLocation",
        "found": "get"
      }
    ],
    "portals": [
      {
        "required": "getTenantPortalData",
        "found": "get"
      },
      {
        "required": "getTechnicianPortalData",
        "found": "get"
      },
      {
        "required": "getOwnerPortalData",
        "found": "get"
      },
      {
        "required": "getCorporateManagerData",
        "found": "get"
      },
      {
        "required": "getVendorPortalData",
        "found": "get"
      },
      {
        "required": "authenticatePortalUser",
        "found": "authenticate"
      },
      {
        "required": "getPortalNotifications",
        "found": "get"
      }
    ],
    "workflows": [
      {
        "required": "processTenantMaintenanceRequest",
        "found": "tenant"
      },
      {
        "required": "processRFQToPurchaseOrder",
        "found": "rfq"
      },
      {
        "required": "processOwnerApproval",
        "found": "owner"
      },
      {
        "required": "getWorkflowStatus",
        "found": "get"
      },
      {
        "required": "rollbackWorkflow",
        "found": "workflow"
      },
      {
        "required": "validateWorkflowRules",
        "found": "workflow"
      }
    ],
    "realtime": [
      {
        "required": "establishWebSocket",
        "found": "websocket"
      },
      {
        "required": "broadcastUpdate",
        "found": "update"
      },
      {
        "required": "sendNotification",
        "found": "if"
      },
      {
        "required": "handleRealtimeEvent",
        "found": "handler"
      }
    ]
  },
  "scannedFiles": [
    "routes/admin.js",
    "routes/administration.js",
    "routes/auth.js",
    "routes/complete-routes.js",
    "routes/compliance.js",
    "routes/contracts.js",
    "routes/crm.js",
    "routes/dashboard.js",
    "routes/deputy.js",
    "routes/doa.js",
    "routes/finance-simple.js",
    "routes/finance.js",
    "routes/generateCRUDRoutes.js",
    "routes/hr.js",
    "routes/index.js",
    "routes/integrations.js",
    "routes/inventory.js",
    "routes/maintenance.js",
    "routes/marketplace.js",
    "routes/mobile.js",
    "routes/notifications.js",
    "routes/owner.js",
    "routes/payments.js",
    "routes/pm.js",
    "routes/properties.js",
    "routes/propertyOwners.js",
    "routes/reports.js",
    "routes/rfqs.js",
    "routes/subscriptions.js",
    "routes/support.js",
    "routes/system.js",
    "routes/taxReporting.js",
    "routes/tickets.js",
    "routes/translations.js",
    "routes/vendors.js",
    "routes/verification-shims.js",
    "routes/workorders.js",
    "routes/zatca.js",
    "models/Compliance.js",
    "models/Deputy.js",
    "models/DoA.js",
    "models/DoAMatrix.js",
    "models/Employee.js",
    "models/Invoice.js",
    "models/Notification.js",
    "models/Payment.js",
    "models/Property.js",
    "models/PropertyOwner.js",
    "models/ReportTemplate.js",
    "models/Subscription.js",
    "models/Ticket.js",
    "models/Unit.js",
    "models/User.js",
    "models/WorkOrder.js",
    "models/index.js",
    "models/postgres/User.js",
    "middleware/auth-old.js",
    "middleware/auth.js",
    "middleware/authorize.js",
    "middleware/enhancedAuth.js",
    "middleware/error.js",
    "middleware/multiTenant.js",
    "middleware/security.js",
    "middleware/tenant.js",
    "middleware/validateObjectId.js",
    "middleware/validation.js",
    "services/crudService.js",
    "services/emailService.js",
    "services/fileUploadService.js",
    "services/mapsService.js",
    "services/notificationService.js",
    "services/pushService.js",
    "services/sla.service.js",
    "services/slaTrackingService.js",
    "services/smsService.js",
    "services/socketService.js",
    "services/universalCrud.js",
    "services/websocketService.js",
    "services/workOrderService.js",
    "services/zatca.service.js",
    "utils/arabicSupport.js",
    "utils/asyncHandler.js",
    "utils/logger.js",
    "utils/qrGenerator.js",
    "utils/taxReporting.js",
    "utils/vatCalculator.js",
    "utils/zatcaValidation.js"
  ],
  "implementedFunctions": [
    "get",
    "dashboard",
    "policies",
    "fleet",
    "catch",
    "doa",
    "post",
    "login",
    "register",
    "forgot-password",
    "reset-password",
    "put",
    "change-password",
    "profile",
    "refresh-token",
    "verify-token",
    "logout",
    "users",
    "delete",
    "if",
    "generatePropertyReport",
    "generateWorkOrderReport",
    "generateFinancialReport",
    "authenticate",
    "authorize",
    "addTenantFilter",
    "handleValidationErrors",
    "createAuditLog",
    "destination",
    "filename",
    "fileFilter",
    "auth",
    "properties",
    "workorders",
    "invoices",
    "vendors",
    "organizations",
    "settings",
    "reports",
    "audit-logs",
    "switch",
    "aggregate",
    "certificates",
    "audits",
    ":id",
    "zatca",
    "analytics",
    "workflows",
    "bulk-operations",
    "audit-trail",
    "risk-assessment",
    "calculateLeadScore",
    "autoAssignLead",
    "updateNPSScore",
    "customers",
    "leads",
    "opportunities",
    "quotes",
    "feedback",
    "api",
    "findOne",
    "json",
    "checkApprovalAuthority",
    "processApproval",
    "check-approval",
    "workflow",
    "budgets",
    "payments",
    "cost-centers",
    "generateCRUDRoutes",
    "employees",
    "departments",
    "generateZATCAHash",
    "generateZATCAQR",
    "rfqs",
    "find",
    "sms",
    "email",
    "maps",
    "websocket",
    "health",
    "for",
    "patch",
    "alerts",
    "schedules",
    "tasks",
    "calendar",
    "emergency",
    "generateRFQNumber",
    "validateBidDeadline",
    "validateVendorFields",
    "catalog",
    "rfq",
    "purchase-orders",
    "reviews",
    "cart",
    "tenant",
    "technician",
    "owner",
    "sendNotificationThroughChannels",
    "batch",
    "count",
    "read-all",
    "preferences",
    "findOneAndUpdate",
    "push",
    "stats",
    "create-intent",
    "confirm",
    "webhook",
    "equipment",
    "nearby",
    "generateInvoiceReport",
    "generateVendorReport",
    "financial",
    "operational",
    "templates",
    "execute",
    "maintenance",
    "charts",
    "export",
    "builder",
    "current",
    "plans",
    "usage",
    "features",
    "tickets",
    "getDirectorySize",
    "requireRole",
    "disk-usage",
    "logo-upload",
    "performance",
    "generateTaxRecommendations",
    "vat-return",
    "summary",
    "validate-period",
    "getTranslation",
    "formatCurrency",
    ":language",
    "test",
    "calculateSLA",
    "autoAssignTechnician",
    "generateComplianceRecommendations",
    "validate",
    "generate-qr",
    "invoice",
    "qr",
    "calculate-vat",
    "submit",
    "status",
    "validate-vat",
    "pre",
    "function",
    "default",
    "beforeCreate",
    "beforeUpdate",
    "ensureTenantIsolation",
    "rateLimit",
    "Proxy",
    "set",
    "logAuditEvent",
    "getDeviceFingerprint",
    "handleApiKeyAuth",
    "handleTokenRefresh",
    "hasInheritedRole",
    "shouldCheckIPRestriction",
    "generateTokens",
    "tenantIsolation",
    "impersonate",
    "handler",
    "forEach",
    "securityHeaders",
    "skip",
    "multiTenantMiddleware",
    "applyTenantFilter",
    "checkRole",
    "verifyOwnership",
    "createRateLimiter",
    "xssProtection",
    "applySecurityMiddleware",
    "onSanitize",
    "validateObjectId",
    "deepSanitize",
    "sanitizeInput",
    "preventNoSQLInjection",
    "checkObject",
    "checkDatabaseConnection",
    "sanitizeInputMiddleware",
    "constructor",
    "create",
    "getAll",
    "getById",
    "update",
    "sendMail",
    "initializeTransporter",
    "createSMTPTransporter",
    "createSendGridTransporter",
    "createLocalTransporter",
    "sendEmail",
    "logEmail",
    "sendWelcomeEmail",
    "sendWorkOrderNotification",
    "sendInvoiceEmail",
    "sendPasswordResetEmail",
    "getPriorityColor",
    "testConfiguration",
    "validateConfig",
    "ensureDirectories",
    "getMulterConfig",
    "getUploadMiddleware",
    "getSingleUploadMiddleware",
    "processUploadedFiles",
    "validateFile",
    "deleteFile",
    "getFileInfo",
    "cleanupTempFiles",
    "getStorageStats",
    "setupRoutes",
    "validateService",
    "isValidCoordinates",
    "geocodeAddress",
    "reverseGeocode",
    "calculateDistance",
    "getDirections",
    "findNearbyPlaces",
    "optimizeRoute",
    "parseAddressComponents",
    "generateStaticMapUrl",
    "getMockCoordinates",
    "getMockAddress",
    "getMockDistance",
    "getMockDirections",
    "getMockNearbyPlaces",
    "getMockOptimizedRoute",
    "getHealthStatus",
    "send",
    "sendSMS",
    "sendWhatsApp",
    "sendPushNotification",
    "formatSMSMessage",
    "renderEmailTemplate",
    "sendBulk",
    "sendEventNotification",
    "calculateResponseTime",
    "checkBreach",
    "initializeScheduler",
    "processSLAMonitoring",
    "getWorkOrdersForSLACheck",
    "processSingleWorkOrder",
    "handleResponseSLABreach",
    "handleResolutionSLABreach",
    "shouldEscalateWorkOrder",
    "escalateWorkOrder",
    "findEscalationTarget",
    "checkAndSendWarnings",
    "processSLAWarnings",
    "sendSLABreachNotifications",
    "sendEscalationNotifications",
    "sendWarningNotifications",
    "updateSLAStatistics",
    "formatTimeUntilDeadline",
    "getStats",
    "processSLANow",
    "stop",
    "delay",
    "formatPhoneNumber",
    "sendViaTwilio",
    "sendViaTextLocal",
    "sendViaLocal",
    "logSMS",
    "sendOTP",
    "sendPaymentConfirmation",
    "sendAppointmentReminder",
    "sendBulkSMS",
    "initialize",
    "handleConnection",
    "setupEventHandlers",
    "handleDisconnection",
    "sendToUser",
    "sendToOrganization",
    "sendToRoom",
    "broadcast",
    "sendWorkOrderUpdate",
    "sendPropertyUpdate",
    "sendRealTimeNotification",
    "sendSLABreach",
    "sendSystemAlert",
    "getOnlineUsersCount",
    "getOrganizationOnlineUsers",
    "isUserOnline",
    "getIO",
    "sendTypingIndicator",
    "sendBulkNotifications",
    "generate",
    "sendToUsers",
    "broadcastToOrganization",
    "broadcastToRoom",
    "notifyWorkOrderUpdate",
    "notifySLABreach",
    "notifyPaymentUpdate",
    "broadcastAnnouncement",
    "notifyNewComment",
    "updateUserPresence",
    "notifyRoles",
    "sendEmergencyNotification",
    "getConnectedUsersCount",
    "isUserConnected",
    "trackUserActivity",
    "createWorkOrder",
    "transitionState",
    "assignWorkOrder",
    "completeWorkOrder",
    "determinePriority",
    "determineCustomerType",
    "validateStateTransition",
    "executeStateActions",
    "validateTechnicianAssignment",
    "checkTechnicianAvailability",
    "validateCompletion",
    "calculateDuration",
    "generateInvoice",
    "buildInvoiceItems",
    "calculateInvoiceAmounts",
    "sendStateChangeNotifications",
    "sendAssignmentNotifications",
    "sendCompletionNotifications",
    "generateQRCode",
    "generateHash",
    "convertToHijri",
    "convertToArabicNumerals",
    "convertFromArabicNumerals",
    "formatArabicCurrency",
    "formatArabicDate",
    "validateArabicText",
    "validateBusinessDetails",
    "getBilingualText",
    "formatAddress",
    "generateInvoiceTemplate",
    "asyncHandler",
    "generatePhase1QR",
    "generatePhase2QR",
    "createTLV",
    "generateInvoiceHash",
    "generateDigitalSignature",
    "extractPublicKey",
    "getCertificateSignature",
    "validateQRData",
    "parseQRString",
    "generateInvoiceQR",
    "while",
    "generateVATReturn",
    "generateMonthlyVATReturn",
    "generateQuarterlyVATReturn",
    "generateAnnualVATReturn",
    "generateZATCASubmission",
    "validateVATReturn",
    "generateTaxSummary",
    "getNextVATDueDate",
    "roundToTwoDecimals",
    "calculateItemVat",
    "calculateInvoiceVat",
    "validateVatNumber",
    "calculateScenarioVat",
    "generateVatSummary",
    "toArabicNumerals",
    "formatSAR",
    "validateInvoice",
    "validateBasicInvoiceFields",
    "validateBusinessInfo",
    "validateAddress",
    "validateInvoiceItems",
    "validateAmounts",
    "validateZATCAFields",
    "validateDates",
    "isValidExemptionCode",
    "generateValidationReport",
    "generateRecommendations"
  ]
}