{
  "timestamp": "2025-09-14T12:37:29.305Z",
  "scope": "FIXZIT SOUQ Phase 1 Complete",
  "summary": {
    "totalRequired": 327,
    "totalFound": 65,
    "totalPartial": 185,
    "totalMissing": 77,
    "completionPercentage": "19.9",
    "criticalModules": {
      "total": 77,
      "foundCount": 41,
      "missingCount": 2,
      "partialCount": 34
    },
    "coreModules": {
      "total": 98,
      "foundCount": 2,
      "missingCount": 28,
      "partialCount": 68
    },
    "enhancementModules": {
      "total": 152,
      "foundCount": 22,
      "missingCount": 47,
      "partialCount": 83
    }
  },
  "missing": {
    "dashboard": [
      "getKPICards",
      "getActivityFeed"
    ],
    "workOrders": [
      "getServiceHistory",
      "getKanbanView",
      "getGanttView",
      "getMapDispatch"
    ],
    "properties": [
      "getUnits",
      "terminateLease",
      "renewLease",
      "getAssetRegister",
      "addAsset",
      "removeAsset",
      "getDocuments"
    ],
    "finance": [
      "applyLateFees"
    ],
    "hr": [
      "recordAttendance",
      "trackLeave",
      "approveLeave",
      "rejectLeave",
      "processPayroll",
      "processApplication",
      "scheduleInterview",
      "trackTrainingProgress"
    ],
    "administration": [
      "getApprovalMatrix",
      "archivePolicy",
      "manageAssets",
      "trackInventory",
      "manageFacilities",
      "evaluateVendor",
      "manageVendorContracts"
    ],
    "crm": [
      "getCustomerHistory",
      "convertLead",
      "renewContract",
      "trackContractMilestones",
      "processComplaint",
      "escalateComplaint",
      "trackInteractions"
    ],
    "marketplace": [
      "verifyVendor",
      "suspendVendor",
      "categorizeService",
      "approveProcurementRequest",
      "evaluateBids",
      "awardBid",
      "trackDelivery",
      "filterServices"
    ],
    "support": [
      "assignTicket",
      "escalateTicket",
      "searchKnowledgeBase",
      "collectSurveyResponses",
      "analyzeSurveyResults"
    ],
    "compliance": [
      "renewPermit",
      "trackPermitExpiry",
      "scheduleInspection",
      "recordInspectionResults",
      "recordFine",
      "trackFinePayment",
      "appealFine",
      "reviewContract",
      "approveContract",
      "archiveContract",
      "integrateDocuSign"
    ],
    "reports": [
      "scheduleReport",
      "exportReport",
      "performDataAnalysis",
      "exportToBI"
    ],
    "system": [
      "assignPermissions",
      "configureIntegration",
      "monitorIntegration",
      "importData",
      "exportData",
      "customizeBranding"
    ],
    "preventiveMaintenance": [
      "pauseSchedule",
      "recordServiceHistory"
    ],
    "auth": [],
    "portals": [
      "viewVendorOrders"
    ],
    "workflows": [],
    "events": [
      "retryFailedEvent"
    ],
    "realtime": [],
    "integrations": [
      "verifyPayment",
      "syncWithERP",
      "syncWithCRM"
    ]
  },
  "found": {
    "dashboard": [],
    "workOrders": [
      "createWorkOrder"
    ],
    "properties": [
      "generatePropertyReport"
    ],
    "finance": [
      "createInvoice",
      "generateZATCAQRCode",
      "submitToZATCA",
      "validateZATCACompliance",
      "processPayment",
      "recordExpense",
      "getBudgetVsActual"
    ],
    "hr": [],
    "administration": [],
    "crm": [],
    "marketplace": [],
    "support": [
      "calculateResponseTime"
    ],
    "compliance": [],
    "reports": [
      "generateFinancialReport"
    ],
    "system": [],
    "preventiveMaintenance": [],
    "auth": [
      "login",
      "logout",
      "refreshToken",
      "checkPermissions",
      "enforceRBAC",
      "logSecurityEvent",
      "detectAnomalies",
      "handleMFA",
      "validateOTP",
      "generateAPIKey",
      "revokeAccess"
    ],
    "portals": [
      "getTenantPortalData",
      "submitTenantRequest",
      "viewTenantBills",
      "getTechnicianPortalData",
      "updateTechnicianStatus",
      "getOwnerPortalData",
      "getCorporateManagerData",
      "getVendorPortalData",
      "submitVendorBid"
    ],
    "workflows": [
      "processTenantMaintenanceRequest",
      "routeMaintenanceRequest",
      "assignMaintenanceTechnician",
      "processRFQToPurchaseOrder",
      "escalateApproval",
      "moveToNextStep"
    ],
    "events": [
      "publishWorkOrderCreated",
      "publishWorkOrderUpdated",
      "publishWorkOrderCompleted",
      "publishPaymentProcessed",
      "publishInvoiceGenerated",
      "publishMaintenanceScheduled",
      "publishAssetUpdated",
      "publishTenantRequest",
      "publishOwnerApproval",
      "publishVendorBidReceived",
      "publishSystemAlert",
      "subscribeToEvent",
      "unsubscribeFromEvent",
      "processEventQueue",
      "handleEventError"
    ],
    "realtime": [
      "establishWebSocket",
      "broadcastUpdate",
      "sendNotification",
      "syncData",
      "handleRealtimeEvent",
      "manageSocketRooms",
      "handleDisconnect",
      "trackActiveConnections"
    ],
    "integrations": [
      "sendSMS",
      "sendEmail",
      "sendWhatsApp",
      "geocodeAddress",
      "processPaymentGateway"
    ]
  },
  "partial": {
    "dashboard": [
      {
        "required": "getDashboardMetrics",
        "found": "dashboard",
        "confidence": "high"
      },
      {
        "required": "getCalendarEvents",
        "found": "calendar",
        "confidence": "high"
      },
      {
        "required": "getRoleBasedDashboard",
        "found": "dashboard",
        "confidence": "high"
      },
      {
        "required": "getMyWork",
        "found": "getWorkOrdersForSLACheck",
        "confidence": "medium"
      },
      {
        "required": "getAlerts",
        "found": "alerts",
        "confidence": "high"
      },
      {
        "required": "getCalendarTab",
        "found": "calendar",
        "confidence": "high"
      },
      {
        "required": "updateKPICard",
        "found": "update",
        "confidence": "high"
      },
      {
        "required": "refreshDashboard",
        "found": "dashboard",
        "confidence": "high"
      },
      {
        "required": "exportDashboard",
        "found": "dashboard",
        "confidence": "high"
      },
      {
        "required": "customizeDashboard",
        "found": "dashboard",
        "confidence": "high"
      }
    ],
    "workOrders": [
      {
        "required": "updateWorkOrderStatus",
        "found": "generateWorkOrderReport",
        "confidence": "medium"
      },
      {
        "required": "assignTechnician",
        "found": "technician",
        "confidence": "high"
      },
      {
        "required": "autoAssignWorkOrder",
        "found": "generateWorkOrderReport",
        "confidence": "medium"
      },
      {
        "required": "trackSLA",
        "found": "trackActiveConnections",
        "confidence": "medium"
      },
      {
        "required": "dispatchWorkOrder",
        "found": "generateWorkOrderReport",
        "confidence": "medium"
      },
      {
        "required": "generatePreventiveMaintenance",
        "found": "maintenance",
        "confidence": "high"
      },
      {
        "required": "updateWorkOrderState",
        "found": "generateWorkOrderReport",
        "confidence": "medium"
      },
      {
        "required": "getCalendarView",
        "found": "calendar",
        "confidence": "high"
      },
      {
        "required": "calculateRoute",
        "found": "calculate",
        "confidence": "high"
      },
      {
        "required": "moveWorkOrderState",
        "found": "generateWorkOrderReport",
        "confidence": "medium"
      },
      {
        "required": "bulkAssignWorkOrders",
        "found": "workorders",
        "confidence": "high"
      },
      {
        "required": "getWorkOrdersByStatus",
        "found": "workorders",
        "confidence": "high"
      },
      {
        "required": "getOverdueWorkOrders",
        "found": "workorders",
        "confidence": "high"
      },
      {
        "required": "calculatePriority",
        "found": "calculate",
        "confidence": "high"
      }
    ],
    "properties": [
      {
        "required": "getProperties",
        "found": "properties",
        "confidence": "high"
      },
      {
        "required": "createProperty",
        "found": "create",
        "confidence": "high"
      },
      {
        "required": "updateProperty",
        "found": "property",
        "confidence": "high"
      },
      {
        "required": "deleteProperty",
        "found": "delete",
        "confidence": "high"
      },
      {
        "required": "createUnit",
        "found": "create",
        "confidence": "high"
      },
      {
        "required": "updateUnit",
        "found": "update",
        "confidence": "high"
      },
      {
        "required": "deleteUnit",
        "found": "delete",
        "confidence": "high"
      },
      {
        "required": "getTenants",
        "found": "tenant",
        "confidence": "high"
      },
      {
        "required": "createTenant",
        "found": "create",
        "confidence": "high"
      },
      {
        "required": "updateTenant",
        "found": "tenant",
        "confidence": "high"
      },
      {
        "required": "deleteTenant",
        "found": "delete",
        "confidence": "high"
      },
      {
        "required": "createLease",
        "found": "create",
        "confidence": "high"
      },
      {
        "required": "updateLease",
        "found": "update",
        "confidence": "high"
      },
      {
        "required": "updateAsset",
        "found": "update",
        "confidence": "high"
      },
      {
        "required": "createInspection",
        "found": "create",
        "confidence": "high"
      },
      {
        "required": "getInspectionTemplates",
        "found": "templates",
        "confidence": "high"
      },
      {
        "required": "submitInspection",
        "found": "submit",
        "confidence": "high"
      },
      {
        "required": "uploadDocument",
        "found": "upload",
        "confidence": "high"
      },
      {
        "required": "deleteDocument",
        "found": "delete",
        "confidence": "high"
      },
      {
        "required": "getPropertyLocation",
        "found": "property",
        "confidence": "high"
      },
      {
        "required": "updatePropertyLocation",
        "found": "property",
        "confidence": "high"
      }
    ],
    "finance": [
      {
        "required": "calculateVAT",
        "found": "calculateLeadScore",
        "confidence": "medium"
      },
      {
        "required": "generateTaxReport",
        "found": "generatePropertyReport",
        "confidence": "medium"
      },
      {
        "required": "reconcilePayments",
        "found": "payments",
        "confidence": "high"
      },
      {
        "required": "processBulkPayments",
        "found": "bulk",
        "confidence": "high"
      },
      {
        "required": "generateStatement",
        "found": "test",
        "confidence": "high"
      },
      {
        "required": "trackOverduePayments",
        "found": "payments",
        "confidence": "high"
      },
      {
        "required": "createPriceBook",
        "found": "create",
        "confidence": "high"
      },
      {
        "required": "updatePricing",
        "found": "update",
        "confidence": "high"
      },
      {
        "required": "generateFinancialReports",
        "found": "generateFinancialReport",
        "confidence": "high"
      },
      {
        "required": "exportToAccounting",
        "found": "count",
        "confidence": "high"
      },
      {
        "required": "handleRefund",
        "found": "handler",
        "confidence": "high"
      },
      {
        "required": "processRecurringInvoices",
        "found": "invoices",
        "confidence": "high"
      }
    ],
    "hr": [
      {
        "required": "getEmployeeDirectory",
        "found": "getDirectorySize",
        "confidence": "medium"
      },
      {
        "required": "createEmployee",
        "found": "create",
        "confidence": "high"
      },
      {
        "required": "updateEmployee",
        "found": "update",
        "confidence": "high"
      },
      {
        "required": "deactivateEmployee",
        "found": "vat",
        "confidence": "high"
      },
      {
        "required": "generatePayslips",
        "found": "generate",
        "confidence": "high"
      },
      {
        "required": "calculateDeductions",
        "found": "calculate",
        "confidence": "high"
      },
      {
        "required": "createJobPosting",
        "found": "create",
        "confidence": "high"
      },
      {
        "required": "createTrainingProgram",
        "found": "create",
        "confidence": "high"
      },
      {
        "required": "generateCertificate",
        "found": "generate",
        "confidence": "high"
      },
      {
        "required": "createPerformanceReview",
        "found": "create",
        "confidence": "high"
      },
      {
        "required": "submitReview",
        "found": "submit",
        "confidence": "high"
      },
      {
        "required": "generateHRReports",
        "found": "reports",
        "confidence": "high"
      }
    ],
    "administration": [
      {
        "required": "manageDelegationOfAuthority",
        "found": "auth",
        "confidence": "high"
      },
      {
        "required": "updateApprovalLevels",
        "found": "update",
        "confidence": "high"
      },
      {
        "required": "createPolicy",
        "found": "create",
        "confidence": "high"
      },
      {
        "required": "updatePolicy",
        "found": "update",
        "confidence": "high"
      },
      {
        "required": "publishPolicy",
        "found": "publish",
        "confidence": "high"
      },
      {
        "required": "createPurchaseRequest",
        "found": "create",
        "confidence": "high"
      },
      {
        "required": "scheduleFleetMaintenance",
        "found": "fleet",
        "confidence": "high"
      },
      {
        "required": "trackFleetUsage",
        "found": "fleet",
        "confidence": "high"
      },
      {
        "required": "createVendor",
        "found": "create",
        "confidence": "high"
      },
      {
        "required": "generateAdminReports",
        "found": "reports",
        "confidence": "high"
      },
      {
        "required": "auditTrail",
        "found": "audit",
        "confidence": "high"
      }
    ],
    "crm": [
      {
        "required": "createCustomer",
        "found": "create",
        "confidence": "high"
      },
      {
        "required": "updateCustomer",
        "found": "update",
        "confidence": "high"
      },
      {
        "required": "createLead",
        "found": "create",
        "confidence": "high"
      },
      {
        "required": "trackLeadStatus",
        "found": "leads",
        "confidence": "high"
      },
      {
        "required": "createOpportunity",
        "found": "create",
        "confidence": "high"
      },
      {
        "required": "updateOpportunityStage",
        "found": "update",
        "confidence": "high"
      },
      {
        "required": "calculatePipeline",
        "found": "calculate",
        "confidence": "high"
      },
      {
        "required": "createContract",
        "found": "create",
        "confidence": "high"
      },
      {
        "required": "recordFeedback",
        "found": "feedback",
        "confidence": "high"
      },
      {
        "required": "calculateNPS",
        "found": "calculateLeadScore",
        "confidence": "medium"
      },
      {
        "required": "calculateCSAT",
        "found": "calculateLeadScore",
        "confidence": "medium"
      },
      {
        "required": "generateCRMReports",
        "found": "reports",
        "confidence": "high"
      },
      {
        "required": "sendCustomerCommunication",
        "found": "send",
        "confidence": "high"
      }
    ],
    "marketplace": [
      {
        "required": "createVendor",
        "found": "create",
        "confidence": "high"
      },
      {
        "required": "updateVendor",
        "found": "update",
        "confidence": "high"
      },
      {
        "required": "createService",
        "found": "create",
        "confidence": "high"
      },
      {
        "required": "updateService",
        "found": "update",
        "confidence": "high"
      },
      {
        "required": "createProcurementRequest",
        "found": "create",
        "confidence": "high"
      },
      {
        "required": "createRFQ",
        "found": "createSession",
        "confidence": "medium"
      },
      {
        "required": "submitBid",
        "found": "submitVendorBid",
        "confidence": "medium"
      },
      {
        "required": "createPurchaseOrder",
        "found": "create",
        "confidence": "high"
      },
      {
        "required": "confirmReceipt",
        "found": "confirm",
        "confidence": "high"
      },
      {
        "required": "rateVendor",
        "found": "generateVendorReport",
        "confidence": "high"
      },
      {
        "required": "searchMarketplace",
        "found": "marketplace",
        "confidence": "high"
      },
      {
        "required": "compareVendors",
        "found": "vendors",
        "confidence": "high"
      },
      {
        "required": "generateMarketplaceReports",
        "found": "reports",
        "confidence": "high"
      }
    ],
    "support": [
      {
        "required": "createTicket",
        "found": "create",
        "confidence": "high"
      },
      {
        "required": "updateTicketStatus",
        "found": "updateTechnicianStatus",
        "confidence": "medium"
      },
      {
        "required": "createKnowledgeArticle",
        "found": "create",
        "confidence": "high"
      },
      {
        "required": "updateArticle",
        "found": "update",
        "confidence": "high"
      },
      {
        "required": "trackSLA",
        "found": "trackActiveConnections",
        "confidence": "medium"
      },
      {
        "required": "calculateResolutionTime",
        "found": "calculate",
        "confidence": "high"
      },
      {
        "required": "createSurvey",
        "found": "create",
        "confidence": "high"
      },
      {
        "required": "generateSupportReports",
        "found": "reports",
        "confidence": "high"
      },
      {
        "required": "trackAgentPerformance",
        "found": "performance",
        "confidence": "high"
      }
    ],
    "compliance": [
      {
        "required": "createPermit",
        "found": "create",
        "confidence": "high"
      },
      {
        "required": "generateComplianceReport",
        "found": "generatePropertyReport",
        "confidence": "medium"
      },
      {
        "required": "createContract",
        "found": "create",
        "confidence": "high"
      },
      {
        "required": "maintainAuditLog",
        "found": "createAuditLog",
        "confidence": "medium"
      },
      {
        "required": "generateAuditReport",
        "found": "generatePropertyReport",
        "confidence": "medium"
      },
      {
        "required": "sendForSignature",
        "found": "send",
        "confidence": "high"
      },
      {
        "required": "trackSignatureStatus",
        "found": "status",
        "confidence": "high"
      }
    ],
    "reports": [
      {
        "required": "generateOperationalReport",
        "found": "generatePropertyReport",
        "confidence": "medium"
      },
      {
        "required": "generateWorkforceReport",
        "found": "generatePropertyReport",
        "confidence": "medium"
      },
      {
        "required": "createCustomReport",
        "found": "create",
        "confidence": "high"
      },
      {
        "required": "createDashboard",
        "found": "dashboard",
        "confidence": "high"
      },
      {
        "required": "updateDashboard",
        "found": "dashboard",
        "confidence": "high"
      },
      {
        "required": "shareDashboard",
        "found": "dashboard",
        "confidence": "high"
      },
      {
        "required": "trackKPIs",
        "found": "trackActiveConnections",
        "confidence": "medium"
      },
      {
        "required": "generateTrendAnalysis",
        "found": "generate",
        "confidence": "high"
      },
      {
        "required": "createDataVisualization",
        "found": "create",
        "confidence": "high"
      }
    ],
    "system": [
      {
        "required": "createUser",
        "found": "create",
        "confidence": "high"
      },
      {
        "required": "updateUser",
        "found": "update",
        "confidence": "high"
      },
      {
        "required": "deactivateUser",
        "found": "vat",
        "confidence": "high"
      },
      {
        "required": "resetPassword",
        "found": "sendPasswordResetEmail",
        "confidence": "medium"
      },
      {
        "required": "createRole",
        "found": "create",
        "confidence": "high"
      },
      {
        "required": "updateRole",
        "found": "update",
        "confidence": "high"
      },
      {
        "required": "configureTenant",
        "found": "tenant",
        "confidence": "high"
      },
      {
        "required": "updateTenantSettings",
        "found": "settings",
        "confidence": "high"
      },
      {
        "required": "manageTenantLimits",
        "found": "tenant",
        "confidence": "high"
      },
      {
        "required": "testIntegration",
        "found": "test",
        "confidence": "high"
      },
      {
        "required": "validateDataFormat",
        "found": "validate",
        "confidence": "high"
      },
      {
        "required": "configureWebhook",
        "found": "webhook",
        "confidence": "high"
      },
      {
        "required": "testWebhook",
        "found": "webhook",
        "confidence": "high"
      },
      {
        "required": "logWebhookActivity",
        "found": "webhook",
        "confidence": "high"
      },
      {
        "required": "updateTheme",
        "found": "update",
        "confidence": "high"
      },
      {
        "required": "manageAuditLog",
        "found": "createAuditLog",
        "confidence": "medium"
      }
    ],
    "preventiveMaintenance": [
      {
        "required": "createMaintenanceSchedule",
        "found": "create",
        "confidence": "high"
      },
      {
        "required": "updateSchedule",
        "found": "update",
        "confidence": "high"
      },
      {
        "required": "generateRecurringWorkOrder",
        "found": "generateWorkOrderReport",
        "confidence": "medium"
      },
      {
        "required": "calculateNextMaintenance",
        "found": "maintenance",
        "confidence": "high"
      },
      {
        "required": "trackAssetMaintenance",
        "found": "maintenance",
        "confidence": "high"
      },
      {
        "required": "predictMaintenance",
        "found": "maintenance",
        "confidence": "high"
      },
      {
        "required": "generateMaintenanceAlert",
        "found": "maintenance",
        "confidence": "high"
      },
      {
        "required": "analyzeMaintenancePatterns",
        "found": "maintenance",
        "confidence": "high"
      },
      {
        "required": "optimizeMaintenanceSchedule",
        "found": "maintenance",
        "confidence": "high"
      },
      {
        "required": "generateMaintenanceReports",
        "found": "reports",
        "confidence": "high"
      }
    ],
    "auth": [
      {
        "required": "validateJWT",
        "found": "validateOTP",
        "confidence": "medium"
      },
      {
        "required": "rateLimitCheck",
        "found": "check",
        "confidence": "high"
      },
      {
        "required": "validateSession",
        "found": "validate",
        "confidence": "high"
      },
      {
        "required": "auditAccess",
        "found": "audit",
        "confidence": "high"
      }
    ],
    "portals": [
      {
        "required": "viewTechnicianSchedule",
        "found": "technician",
        "confidence": "high"
      },
      {
        "required": "approveOwnerRequest",
        "found": "owner",
        "confidence": "high"
      },
      {
        "required": "viewOwnerReports",
        "found": "reports",
        "confidence": "high"
      },
      {
        "required": "manageCorporateSettings",
        "found": "settings",
        "confidence": "high"
      },
      {
        "required": "viewCorporateDashboard",
        "found": "dashboard",
        "confidence": "high"
      },
      {
        "required": "authenticatePortalUser",
        "found": "authenticate",
        "confidence": "high"
      },
      {
        "required": "getPortalNotifications",
        "found": "notifications",
        "confidence": "high"
      },
      {
        "required": "updatePortalPreferences",
        "found": "preferences",
        "confidence": "high"
      }
    ],
    "workflows": [
      {
        "required": "evaluateRFQResponses",
        "found": "rfq",
        "confidence": "high"
      },
      {
        "required": "convertRFQToPO",
        "found": "rfq",
        "confidence": "high"
      },
      {
        "required": "processOwnerApproval",
        "found": "processApproval",
        "confidence": "medium"
      },
      {
        "required": "trackApprovalStatus",
        "found": "status",
        "confidence": "high"
      },
      {
        "required": "getWorkflowStatus",
        "found": "workflows",
        "confidence": "high"
      },
      {
        "required": "rollbackWorkflow",
        "found": "workflow",
        "confidence": "high"
      },
      {
        "required": "validateWorkflowRules",
        "found": "workflow",
        "confidence": "high"
      }
    ],
    "events": [],
    "realtime": [
      {
        "required": "handleReconnect",
        "found": "handler",
        "confidence": "high"
      },
      {
        "required": "broadcastToRole",
        "found": "broadcast",
        "confidence": "high"
      },
      {
        "required": "broadcastToUser",
        "found": "broadcast",
        "confidence": "high"
      }
    ],
    "integrations": [
      {
        "required": "getMapData",
        "found": "getTenantPortalData",
        "confidence": "medium"
      },
      {
        "required": "calculateRoute",
        "found": "calculate",
        "confidence": "high"
      },
      {
        "required": "handlePaymentWebhook",
        "found": "webhook",
        "confidence": "high"
      },
      {
        "required": "syncWithAccounting",
        "found": "count",
        "confidence": "high"
      },
      {
        "required": "uploadToCloudStorage",
        "found": "upload",
        "confidence": "high"
      },
      {
        "required": "generateSignedURL",
        "found": "generate",
        "confidence": "high"
      }
    ]
  },
  "scannedFiles": [
    "routes/admin.js",
    "routes/administration.js",
    "routes/auth.js",
    "routes/complete-routes.js",
    "routes/compliance.js",
    "routes/crm.js",
    "routes/dashboard.js",
    "routes/deputy.js",
    "routes/doa.js",
    "routes/finance-simple.js",
    "routes/finance.js",
    "routes/generateCRUDRoutes.js",
    "routes/hr.js",
    "routes/index.js",
    "routes/integrations.js",
    "routes/inventory.js",
    "routes/maintenance.js",
    "routes/marketplace.js",
    "routes/mobile.js",
    "routes/notifications.js",
    "routes/owner.js",
    "routes/payments.js",
    "routes/pm.js",
    "routes/portals.js",
    "routes/properties.js",
    "routes/propertyOwners.js",
    "routes/reports.js",
    "routes/subscriptions.js",
    "routes/support.js",
    "routes/system.js",
    "routes/taxReporting.js",
    "routes/tickets.js",
    "routes/translations.js",
    "routes/vendors.js",
    "routes/verification-shims.js",
    "routes/workorders.js",
    "routes/zatca.js",
    "models/Compliance.js",
    "models/Employee.js",
    "models/Notification.js",
    "models/Payment.js",
    "models/Property.js",
    "models/ReportTemplate.js",
    "models/Ticket.js",
    "models/Unit.js",
    "models/User.js",
    "models/WorkOrder.js",
    "models/index.js",
    "models/postgres/User.js",
    "middleware/auth-old.js",
    "middleware/auth.js",
    "middleware/authorize.js",
    "middleware/enhancedAuth.js",
    "middleware/multiTenant.js",
    "middleware/security.js",
    "middleware/validateObjectId.js",
    "middleware/validation.js",
    "services/crudService.js",
    "services/emailService.js",
    "services/fileUploadService.js",
    "services/mapsService.js",
    "services/notificationService.js",
    "services/pushService.js",
    "services/realtime.js",
    "services/sla.service.js",
    "services/slaTrackingService.js",
    "services/smsService.js",
    "services/socketService.js",
    "services/universalCrud.js",
    "services/websocketService.js",
    "services/workOrderService.js",
    "services/workflows.js",
    "services/zatca.service.js",
    "utils/arabicSupport.js",
    "utils/asyncHandler.js",
    "utils/qrGenerator.js",
    "utils/taxReporting.js",
    "utils/vatCalculator.js",
    "utils/zatcaValidation.js"
  ],
  "implementedFunctions": [
    "Proxy",
    "addTenantFilter",
    "addToRoom",
    "aggregate",
    "alerts",
    "analytics",
    "api",
    "applySecurityMiddleware",
    "applyTenantFilter",
    "assignMaintenanceTechnician",
    "assignWorkOrder",
    "asyncHandler",
    "audit",
    "audits",
    "auth",
    "authenticate",
    "authenticateToken",
    "authorize",
    "autoApprove",
    "autoAssignLead",
    "autoAssignTechnician",
    "batch",
    "beforeCreate",
    "beforeUpdate",
    "broadcast",
    "broadcastAnnouncement",
    "broadcastToOrganization",
    "broadcastToRoom",
    "broadcastUpdate",
    "buildInvoiceItems",
    "builder",
    "bulk",
    "calculate",
    "calculateDistance",
    "calculateDuration",
    "calculateInvoiceAmounts",
    "calculateInvoiceVat",
    "calculateItemVat",
    "calculateLeadScore",
    "calculateResponseTime",
    "calculateSLA",
    "calculateScenarioVat",
    "calendar",
    "cart",
    "catalog",
    "certificates",
    "charts",
    "check",
    "checkAndSendWarnings",
    "checkApprovalAuthority",
    "checkBreach",
    "checkDatabaseConnection",
    "checkObject",
    "checkPermissions",
    "checkRole",
    "checkTechnicianAvailability",
    "cleanupTempFiles",
    "completeWorkOrder",
    "compliance",
    "confirm",
    "constructor",
    "convertFromArabicNumerals",
    "convertToArabicNumerals",
    "convertToHijri",
    "count",
    "countDocuments",
    "create",
    "createAuditLog",
    "createInvoice",
    "createLocalTransporter",
    "createRateLimiter",
    "createSMTPTransporter",
    "createSendGridTransporter",
    "createSession",
    "createTLV",
    "createWorkOrder",
    "current",
    "customers",
    "dashboard",
    "deepSanitize",
    "delay",
    "delete",
    "deleteFile",
    "departments",
    "deputies",
    "destination",
    "detectAnomalies",
    "determineCustomerType",
    "determinePriority",
    "disk",
    "doa",
    "email",
    "emergency",
    "employees",
    "enforceRBAC",
    "ensureDirectories",
    "ensureTenantIsolation",
    "equipment",
    "escalateApproval",
    "escalateWorkOrder",
    "establishWebSocket",
    "execute",
    "executeStateActions",
    "extractPublicKey",
    "features",
    "feedback",
    "fileFilter",
    "filename",
    "finance",
    "financial",
    "find",
    "findById",
    "findByIdAndUpdate",
    "findEscalationTarget",
    "findNearbyPlaces",
    "findOne",
    "findOneAndUpdate",
    "fleet",
    "forEach",
    "formatAddress",
    "formatArabicCurrency",
    "formatArabicDate",
    "formatCurrency",
    "formatPhoneNumber",
    "formatSAR",
    "formatSMSMessage",
    "formatTimeUntilDeadline",
    "generate",
    "generateAPIKey",
    "generateAccessToken",
    "generateAnnualVATReturn",
    "generateCRUDRoutes",
    "generateComplianceRecommendations",
    "generateDigitalSignature",
    "generateFinancialReport",
    "generateHash",
    "generateInvoice",
    "generateInvoiceHash",
    "generateInvoiceNumber",
    "generateInvoiceQR",
    "generateInvoiceReport",
    "generateInvoiceTemplate",
    "generateMonthlyVATReturn",
    "generatePhase1QR",
    "generatePhase2QR",
    "generatePropertyReport",
    "generateQRCode",
    "generateQuarterlyVATReturn",
    "generateRFQNumber",
    "generateRecommendations",
    "generateRefreshToken",
    "generateStaticMapUrl",
    "generateTaxRecommendations",
    "generateTaxSummary",
    "generateTokens",
    "generateVATReturn",
    "generateValidationReport",
    "generateVatSummary",
    "generateVendorReport",
    "generateWorkOrderReport",
    "generateZATCAHash",
    "generateZATCAQR",
    "generateZATCAQRCode",
    "generateZATCASubmission",
    "geocodeAddress",
    "getAll",
    "getBilingualText",
    "getBudgetVsActual",
    "getById",
    "getCertificateSignature",
    "getConnectedUsersCount",
    "getConnectionsByRole",
    "getConnectionsByTenant",
    "getCorporateManagerData",
    "getDeviceFingerprint",
    "getDirections",
    "getDirectorySize",
    "getFileInfo",
    "getHealthStatus",
    "getIO",
    "getMockAddress",
    "getMockCoordinates",
    "getMockDirections",
    "getMockDistance",
    "getMockNearbyPlaces",
    "getMockOptimizedRoute",
    "getMulterConfig",
    "getNextVATDueDate",
    "getOnlineUsersCount",
    "getOrganizationOnlineUsers",
    "getOwnerPortalData",
    "getPriorityColor",
    "getSingleUploadMiddleware",
    "getStats",
    "getStorageStats",
    "getTechnicianPortalData",
    "getTenantPortalData",
    "getTranslation",
    "getUploadMiddleware",
    "getUserPermissions",
    "getVendorPortalData",
    "getWorkOrdersForSLACheck",
    "handleApiKeyAuth",
    "handleConnection",
    "handleDisconnect",
    "handleDisconnection",
    "handleEventError",
    "handleMFA",
    "handleMaintenanceScheduled",
    "handlePaymentProcessed",
    "handleRealtimeEvent",
    "handleResolutionSLABreach",
    "handleResponseSLABreach",
    "handleSystemAlert",
    "handleTokenRefresh",
    "handleValidationErrors",
    "handleWorkOrderCreated",
    "handleWorkOrderUpdated",
    "handler",
    "hasInheritedRole",
    "health",
    "impersonate",
    "initialize",
    "initializeScheduler",
    "initializeTransporter",
    "initializeWorkflows",
    "integrations",
    "invoice",
    "invoices",
    "isUserConnected",
    "isUserOnline",
    "isValidCoordinates",
    "isValidExemptionCode",
    "json",
    "leads",
    "logAuditEvent",
    "logEmail",
    "logSMS",
    "logSecurityEvent",
    "login",
    "logo",
    "logout",
    "maintenance",
    "manageSocketRooms",
    "maps",
    "marketplace",
    "moveToNextStep",
    "multiTenantMiddleware",
    "nearby",
    "notifications",
    "notifyNewComment",
    "notifyPaymentUpdate",
    "notifyRoles",
    "notifySLABreach",
    "notifyStakeholders",
    "notifyWorkOrderUpdate",
    "onSanitize",
    "operational",
    "opportunities",
    "optimizeRoute",
    "organizations",
    "owner",
    "parseAddressComponents",
    "parseQRString",
    "payments",
    "performance",
    "plans",
    "policies",
    "populate",
    "post",
    "pre",
    "preferences",
    "preventNoSQLInjection",
    "processApproval",
    "processEvent",
    "processEventQueue",
    "processPayment",
    "processPaymentGateway",
    "processRFQToPurchaseOrder",
    "processSLAMonitoring",
    "processSLANow",
    "processSLAWarnings",
    "processSingleWorkOrder",
    "processTenantMaintenanceRequest",
    "processUploadedFiles",
    "properties",
    "property",
    "publish",
    "publishAssetUpdated",
    "publishInvoiceGenerated",
    "publishMaintenanceScheduled",
    "publishOwnerApproval",
    "publishPaymentProcessed",
    "publishSystemAlert",
    "publishTenantRequest",
    "publishVendorBidReceived",
    "publishWorkOrderCompleted",
    "publishWorkOrderCreated",
    "publishWorkOrderUpdated",
    "purchase",
    "push",
    "put",
    "queueNotification",
    "quotes",
    "rateLimit",
    "read",
    "recordExpense",
    "refreshToken",
    "removeFromRoom",
    "renderEmailTemplate",
    "reports",
    "requireRole",
    "reverseGeocode",
    "reviews",
    "revokeAccess",
    "rfq",
    "rfqs",
    "risk",
    "roundToTwoDecimals",
    "routeForApproval",
    "routeMaintenanceRequest",
    "sanitizeInput",
    "sanitizeInputMiddleware",
    "sanitizeUser",
    "schedules",
    "securityHeaders",
    "send",
    "sendAppointmentReminder",
    "sendAssignmentNotifications",
    "sendBulk",
    "sendBulkNotifications",
    "sendBulkSMS",
    "sendCompletionNotifications",
    "sendEmail",
    "sendEmergencyNotification",
    "sendEscalationNotifications",
    "sendEventNotification",
    "sendInvoiceEmail",
    "sendMail",
    "sendNotification",
    "sendNotificationThroughChannels",
    "sendOTP",
    "sendPasswordResetEmail",
    "sendPaymentConfirmation",
    "sendPropertyUpdate",
    "sendPushNotification",
    "sendQueuedMessages",
    "sendRealTimeNotification",
    "sendSLABreach",
    "sendSLABreachNotifications",
    "sendSMS",
    "sendStateChangeNotifications",
    "sendSystemAlert",
    "sendToOrganization",
    "sendToRoom",
    "sendToUser",
    "sendToUsers",
    "sendTypingIndicator",
    "sendViaLocal",
    "sendViaTextLocal",
    "sendViaTwilio",
    "sendWarningNotifications",
    "sendWelcomeEmail",
    "sendWhatsApp",
    "sendWorkOrderNotification",
    "sendWorkOrderUpdate",
    "settings",
    "setupEventHandlers",
    "setupRoutes",
    "setupSocketHandlers",
    "shouldCheckIPRestriction",
    "shouldEscalateWorkOrder",
    "skip",
    "sms",
    "stats",
    "status",
    "stop",
    "submit",
    "submitTenantRequest",
    "submitToZATCA",
    "submitVendorBid",
    "subscribeToEvent",
    "subscriptions",
    "summary",
    "syncData",
    "system",
    "tasks",
    "tax",
    "technician",
    "templates",
    "tenant",
    "tenantIsolation",
    "test",
    "testConfiguration",
    "tickets",
    "toArabicNumerals",
    "trackActiveConnections",
    "trackUserActivity",
    "transitionState",
    "translations",
    "unsubscribeFromEvent",
    "update",
    "updateMany",
    "updateNPSScore",
    "updateSLAStatistics",
    "updateTechnicianStatus",
    "updateUserPresence",
    "upload",
    "usage",
    "users",
    "validate",
    "validateAddress",
    "validateAmounts",
    "validateArabicText",
    "validateBasicInvoiceFields",
    "validateBidDeadline",
    "validateBusinessDetails",
    "validateBusinessInfo",
    "validateCompletion",
    "validateConfig",
    "validateDates",
    "validateFile",
    "validateInvoice",
    "validateInvoiceItems",
    "validateOTP",
    "validateObjectId",
    "validateQRData",
    "validateService",
    "validateStateTransition",
    "validateTechnicianAssignment",
    "validateVATReturn",
    "validateVatNumber",
    "validateVendorFields",
    "validateZATCACompliance",
    "validateZATCAFields",
    "vat",
    "vendors",
    "verifyOwnership",
    "viewTenantBills",
    "webhook",
    "websocket",
    "workflow",
    "workflows",
    "workorders",
    "xssProtection",
    "zatca"
  ]
}