{
  "analysis_info": {
    "report_version": "3.0.0",
    "generated": "2025-09-14T16:25:08Z",
    "analysis_type": "Comprehensive Error & Conflict Detection",
    "scope": "Full Stack Analysis - Frontend, Backend, Database, Dependencies"
  },
  "executive_summary": {
    "total_errors_found": 23,
    "critical_conflicts": 4,
    "system_warnings": 8,
    "dependency_conflicts": 7,
    "configuration_issues": 4,
    "status": "MULTIPLE ISSUES DETECTED - Action Required"
  },
  "critical_errors": [
    {
      "category": "DATABASE_CONNECTIVITY",
      "error": "Redis Connection Failure",
      "frequency": "Continuous",
      "description": "connect ECONNREFUSED 127.0.0.1:6379",
      "impact": "HIGH - Caching and session management degraded",
      "affected_services": ["Fixzit Platform"],
      "fallback_status": "Active - System operational in degraded mode",
      "resolution": "Install and configure Redis service"
    },
    {
      "category": "APPLICATION_FAILURE", 
      "error": "Fixzit Souq Server Failed Startup",
      "description": "Application failed to initialize properly",
      "impact": "CRITICAL - Marketplace functionality completely unavailable",
      "affected_features": ["Vendor management", "Product catalog", "RFQ system"],
      "resolution": "Debug server configuration and middleware setup"
    },
    {
      "category": "MIDDLEWARE_CONFLICT",
      "error": "Express MongoDB Sanitize Error",
      "description": "Cannot set property query of IncomingMessage which has only a getter",
      "frequency": "Per request",
      "impact": "HIGH - Request sanitization compromised, security risk",
      "stack_trace": "express-mongo-sanitize/index.js:113:18",
      "resolution": "Update middleware configuration or downgrade package"
    },
    {
      "category": "ROUTE_LOADING",
      "error": "Multiple Route Loading Failures", 
      "count": 12,
      "description": "Route configuration files failed to load properly",
      "impact": "MEDIUM - API endpoints may be inaccessible",
      "affected_services": ["Fixzit Platform API"],
      "resolution": "Check route file integrity and dependencies"
    }
  ],
  "dependency_conflicts": [
    {
      "package": "bson",
      "version": "1.1.3",
      "conflict_type": "SECURITY_VULNERABILITY",
      "severity": "CRITICAL",
      "issues": ["CVE-2020-7610", "GHSA-4jwp-vfvf-657p", "GHSA-8462-q7x7-g2x4"],
      "resolution": "npm audit fix --force (breaking change)"
    },
    {
      "package": "express-graphql",
      "conflict": "GraphQL version mismatch",
      "description": "Requires graphql ^14.7.0 || ^15.3.0 but found 16.11.0",
      "impact": "Installation conflicts",
      "resolution": "Use --legacy-peer-deps or downgrade GraphQL"
    },
    {
      "package": "mongodb",
      "version": "2.2.12",
      "issue": "Severely outdated",
      "latest": "6.19.0",
      "security_risk": "HIGH - Missing 4 major versions of security patches",
      "resolution": "Major upgrade required with breaking changes"
    },
    {
      "package": "cookie",
      "vulnerability": "GHSA-pxg6-pf52-xh8x",
      "description": "Accepts out-of-bounds characters",
      "affected": ["@auth/core", "next-auth"],
      "resolution": "Update authentication libraries"
    },
    {
      "package": "xlsx",
      "vulnerabilities": ["GHSA-4r6h-8v6p-xvw6", "GHSA-5pgg-2g8v-p4x9"],
      "severity": "HIGH", 
      "issue": "No automated fix available",
      "recommendation": "Consider alternative library"
    }
  ],
  "configuration_conflicts": [
    {
      "type": "DATABASE_SCHEMA",
      "error": "Duplicate Schema Index",
      "description": "Duplicate index on invoiceNumber field",
      "package": "Mongoose",
      "impact": "Performance degradation",
      "resolution": "Remove duplicate index definitions"
    },
    {
      "type": "PORT_ASSIGNMENT",
      "conflict": "Multiple services attempting port 5000",
      "services": ["Fixzit Platform", "Fixzit Souq Fixed"],
      "status": "RESOLVED - One service finished, other active",
      "recommendation": "Use distinct ports for each service"
    },
    {
      "type": "ENVIRONMENT_VARIABLES",
      "missing": ["JWT_API_SECRET", "JWT_REFRESH_SECRET"],
      "impact": "Authentication system may have limited functionality",
      "resolution": "Configure missing JWT secrets"
    },
    {
      "type": "MIDDLEWARE_ORDER",
      "issue": "Middleware execution order causing conflicts",
      "description": "express-mongo-sanitize conflicts with other middleware",
      "resolution": "Reorder middleware stack or update configurations"
    }
  ],
  "performance_issues": [
    {
      "category": "MEMORY_USAGE",
      "status": "GOOD",
      "details": "36GB available / 62GB total - No memory pressure detected"
    },
    {
      "category": "DISK_SPACE",
      "status": "ACCEPTABLE",
      "usage": "63% (30GB/50GB)",
      "recommendation": "Monitor growth, consider cleanup if exceeds 80%"
    },
    {
      "category": "PROCESS_COUNT",
      "active_node_processes": 7,
      "status": "NORMAL",
      "details": "Multiple Node.js processes running - expected for microservices"
    }
  ],
  "integration_errors": [
    {
      "service": "Redis Cache",
      "status": "UNAVAILABLE", 
      "error": "Service not installed or not running",
      "workaround": "Fallback mode active - degraded performance"
    },
    {
      "service": "MongoDB Connection",
      "status": "OUTDATED_DRIVER",
      "risk": "Compatibility issues with modern MongoDB instances",
      "recommendation": "Upgrade driver to version 6.x"
    }
  ],
  "browser_errors": [
    {
      "status": "HEALTHY",
      "console_log": "FIXZIT SOUQ Application loaded successfully!",
      "frontend_status": "No JavaScript errors detected"
    }
  ],
  "recommended_fixes": [
    {
      "priority": "P0_CRITICAL",
      "action": "Fix authentication vulnerabilities",
      "commands": ["npm audit fix --force"],
      "expected_downtime": "5-10 minutes",
      "breaking_changes": "Yes - MongoDB driver upgrade"
    },
    {
      "priority": "P1_HIGH", 
      "action": "Install Redis service",
      "commands": ["Install Redis", "Configure connection", "Restart services"],
      "expected_improvement": "Significant performance boost"
    },
    {
      "priority": "P2_MEDIUM",
      "action": "Fix Fixzit Souq Server",
      "commands": ["Debug server.js", "Fix middleware conflicts", "Test startup"],
      "impact": "Restore full marketplace functionality"
    },
    {
      "priority": "P3_LOW",
      "action": "Update outdated dependencies",
      "commands": ["npm update", "Test compatibility"],
      "risk": "Minimal - patch updates only"
    }
  ],
  "compliance_check": {
    "security_compliance": "FAILING - Critical vulnerabilities present",
    "dependency_hygiene": "POOR - Multiple outdated packages",
    "error_handling": "ACCEPTABLE - Fallback mechanisms working",
    "monitoring": "GOOD - Comprehensive logging active",
    "overall_grade": "D+ - Requires immediate attention"
  },
  "next_steps": [
    "Execute security patches immediately",
    "Install missing infrastructure (Redis)",
    "Debug failed services",
    "Implement comprehensive testing post-fixes",
    "Set up automated vulnerability monitoring"
  ]
}