{
  "metadata": {
    "reportName": "FIXZIT SOUQ Phase 1 - Comprehensive Security & Code Quality Audit",
    "version": "2.0",
    "timestamp": "2025-09-14T13:06:21.576Z",
    "scanType": "Static Code Analysis",
    "analyst": "FIXZIT Code Scanner v2.0",
    "classification": "INTERNAL USE - SECURITY SENSITIVE"
  },
  "executiveSummary": {
    "totalFilesScanned": 17,
    "totalLinesAnalyzed": 9425,
    "totalIssuesFound": 18,
    "healthScore": 27,
    "riskLevel": "CRITICAL",
    "complianceStatus": "NON-COMPLIANT",
    "deploymentRecommendation": "DO NOT DEPLOY"
  },
  "statistics": {
    "issuesBySeverity": {
      "critical": 4,
      "high": 0,
      "medium": 4,
      "low": 10
    },
    "issuesByCategory": {
      "security": 4,
      "codeQuality": 14
    },
    "topVulnerabilityTypes": [
      {
        "type": "Console Statements",
        "count": 9
      },
      {
        "type": "SQL Injection",
        "count": 4
      },
      {
        "type": "XSS Vulnerabilities",
        "count": 0
      },
      {
        "type": "Hardcoded Credentials",
        "count": 0
      }
    ]
  },
  "detailedFindings": [
    {
      "id": "ISS-1757855181549-v1wen",
      "type": "Security",
      "severity": "low",
      "file": "routes/auth.js",
      "issue": "Console statement in production code",
      "description": "Console statements should be removed from production code for performance and security",
      "remediation": "Replace with proper logging system (winston, bunyan) or remove entirely",
      "cwe": "CWE-532: Information Exposure Through Log Files",
      "count": 19,
      "matches": [
        {
          "lineNumber": 16,
          "lineContent": "console.log('⚠️ Models not available, using fallbacks');",
          "context": {
            "before": "} catch (error) {",
            "after": "User = { findOne: () => null, findById: () => null, findByIdAndUpdate: () => null };"
          }
        },
        {
          "lineNumber": 24,
          "lineContent": "console.log('📢 Notification (fallback):', { userId, type: notification.type });",
          "context": {
            "before": "const sendNotification = async (userId, notification) => {",
            "after": "};"
          }
        },
        {
          "lineNumber": 28,
          "lineContent": "console.log('📱 OTP sent (fallback):', { phone: phone?.slice(-4), code: '****' });",
          "context": {
            "before": "const sendOTP = async (phone, code) => {",
            "after": "};"
          }
        },
        {
          "lineNumber": 32,
          "lineContent": "console.log('📧 Email sent (fallback):', { email, subject });",
          "context": {
            "before": "const sendEmail = async (email, subject, body) => {",
            "after": "};"
          }
        },
        {
          "lineNumber": 110,
          "lineContent": "console.error('❌ Login error:', error);",
          "context": {
            "before": "} catch (error) {",
            "after": "res.status(500).json({ error: 'Login failed' });"
          }
        },
        {
          "lineNumber": 150,
          "lineContent": "console.error('❌ OTP validation error:', error);",
          "context": {
            "before": "} catch (error) {",
            "after": "res.status(500).json({ error: 'OTP validation failed' });"
          }
        },
        {
          "lineNumber": 180,
          "lineContent": "console.error('❌ Logout error:', error);",
          "context": {
            "before": "} catch (error) {",
            "after": "res.status(500).json({ error: 'Logout failed' });"
          }
        },
        {
          "lineNumber": 233,
          "lineContent": "console.error('❌ Token refresh error:', error);",
          "context": {
            "before": "} catch (error) {",
            "after": "res.status(401).json({ error: 'Token refresh failed' });"
          }
        },
        {
          "lineNumber": 256,
          "lineContent": "console.error('❌ RBAC enforcement error:', error);",
          "context": {
            "before": "} catch (error) {",
            "after": "res.status(500).json({ error: 'Authorization failed' });"
          }
        },
        {
          "lineNumber": 283,
          "lineContent": "console.error('❌ MFA setup error:', error);",
          "context": {
            "before": "} catch (error) {",
            "after": "res.status(500).json({ error: 'MFA setup failed' });"
          }
        }
      ],
      "impact": "LOW",
      "confidence": "HIGH",
      "category": "Code Quality"
    },
    {
      "id": "ISS-1757855181550-ml5u4",
      "type": "Security",
      "severity": "medium",
      "file": "routes/auth.js",
      "issue": "Cryptographically weak random number generator",
      "description": "Math.random() is not cryptographically secure",
      "remediation": "Use crypto.randomBytes() for security-sensitive operations",
      "cwe": "CWE-338: Weak PRNG",
      "count": 2,
      "matches": [
        {
          "lineNumber": 79,
          "lineContent": "const otpCode = Math.floor(100000 + Math.random() * 900000).toString();",
          "context": {
            "before": "if (user.mfaEnabled) {",
            "after": "if (redis && redis.setex) {"
          }
        },
        {
          "lineNumber": 270,
          "lineContent": "const setupCode = Math.floor(100000 + Math.random() * 900000).toString();",
          "context": {
            "before": "// Generate and send setup OTP",
            "after": "if (redis && redis.setex) {"
          }
        }
      ],
      "impact": "LOW",
      "confidence": "HIGH",
      "category": "Code Quality"
    },
    {
      "id": "ISS-1757855181551-b10hy",
      "type": "Security",
      "severity": "low",
      "file": "routes/finance.js",
      "issue": "Console statement in production code",
      "description": "Console statements should be removed from production code for performance and security",
      "remediation": "Replace with proper logging system (winston, bunyan) or remove entirely",
      "cwe": "CWE-532: Information Exposure Through Log Files",
      "count": 17,
      "matches": [
        {
          "lineNumber": 17,
          "lineContent": "console.log('⚠️ Finance models not available, using fallbacks');",
          "context": {
            "before": "} catch (error) {",
            "after": "const mockModel = {"
          }
        },
        {
          "lineNumber": 91,
          "lineContent": "console.log('✅ Invoice created:', invoiceNumber);",
          "context": {
            "before": "",
            "after": ""
          }
        },
        {
          "lineNumber": 99,
          "lineContent": "console.error('❌ Invoice creation error:', error);",
          "context": {
            "before": "} catch (error) {",
            "after": "res.status(500).json({ error: 'Failed to create invoice' });"
          }
        },
        {
          "lineNumber": 143,
          "lineContent": "console.error('❌ ZATCA QR generation error:', error);",
          "context": {
            "before": "} catch (error) {",
            "after": "throw error;"
          }
        },
        {
          "lineNumber": 162,
          "lineContent": "console.log('✅ Invoice submitted to ZATCA (demo):', invoiceId);",
          "context": {
            "before": "",
            "after": ""
          }
        },
        {
          "lineNumber": 171,
          "lineContent": "console.error('❌ ZATCA submission error:', error);",
          "context": {
            "before": "} catch (error) {",
            "after": "res.status(500).json({ error: 'Failed to submit to ZATCA' });"
          }
        },
        {
          "lineNumber": 200,
          "lineContent": "console.log('✅ ZATCA compliance validated:', { invoiceId, isCompliant });",
          "context": {
            "before": "",
            "after": ""
          }
        },
        {
          "lineNumber": 208,
          "lineContent": "console.error('❌ ZATCA validation error:', error);",
          "context": {
            "before": "} catch (error) {",
            "after": "res.status(500).json({ error: 'Validation failed' });"
          }
        },
        {
          "lineNumber": 259,
          "lineContent": "console.error('❌ Payment processing error:', error);",
          "context": {
            "before": "} catch (error) {",
            "after": "res.status(500).json({ error: 'Payment processing failed' });"
          }
        },
        {
          "lineNumber": 304,
          "lineContent": "console.error('❌ Expense recording error:', error);",
          "context": {
            "before": "} catch (error) {",
            "after": "res.status(500).json({ error: 'Failed to record expense' });"
          }
        }
      ],
      "impact": "LOW",
      "confidence": "HIGH",
      "category": "Code Quality"
    },
    {
      "id": "ISS-1757855181553-sc55s",
      "type": "Security",
      "severity": "critical",
      "file": "routes/finance.js",
      "issue": "SQL injection vulnerability",
      "description": "Template literals in SQL queries can lead to SQL injection attacks",
      "remediation": "Use parameterized queries or prepared statements",
      "cwe": "CWE-89: SQL Injection",
      "count": 2,
      "matches": [
        {
          "lineNumber": 420,
          "lineContent": "return `INV-${timestamp}-${random}`;",
          "context": {
            "before": "const random = Math.floor(Math.random() * 1000).toString().padStart(3, '0');",
            "after": "} catch (error) {"
          }
        },
        {
          "lineNumber": 579,
          "lineContent": "console.error(`Error applying late fee to invoice ${invoice._id}:`, error);",
          "context": {
            "before": "} catch (error) {",
            "after": "results.push({"
          }
        }
      ],
      "impact": "HIGH",
      "confidence": "HIGH",
      "category": "Security"
    },
    {
      "id": "ISS-1757855181553-uznr9",
      "type": "Security",
      "severity": "medium",
      "file": "routes/finance.js",
      "issue": "Cryptographically weak random number generator",
      "description": "Math.random() is not cryptographically secure",
      "remediation": "Use crypto.randomBytes() for security-sensitive operations",
      "cwe": "CWE-338: Weak PRNG",
      "count": 3,
      "matches": [
        {
          "lineNumber": 419,
          "lineContent": "const random = Math.floor(Math.random() * 1000).toString().padStart(3, '0');",
          "context": {
            "before": "const timestamp = Date.now();",
            "after": "return `INV-${timestamp}-${random}`;"
          }
        },
        {
          "lineNumber": 436,
          "lineContent": "const success = Math.random() > 0.1;",
          "context": {
            "before": "// Simulate success/failure (90% success rate)",
            "after": ""
          }
        },
        {
          "lineNumber": 441,
          "lineContent": "gatewayReference: 'gw-ref-' + Math.random().toString(36).substr(2, 9),",
          "context": {
            "before": "transactionId: 'txn-' + Date.now(),",
            "after": "processedAt: new Date(),"
          }
        }
      ],
      "impact": "LOW",
      "confidence": "HIGH",
      "category": "Code Quality"
    },
    {
      "id": "ISS-1757855181554-skgcw",
      "type": "Security",
      "severity": "low",
      "file": "routes/portals.js",
      "issue": "Console statement in production code",
      "description": "Console statements should be removed from production code for performance and security",
      "remediation": "Replace with proper logging system (winston, bunyan) or remove entirely",
      "cwe": "CWE-532: Information Exposure Through Log Files",
      "count": 14,
      "matches": [
        {
          "lineNumber": 15,
          "lineContent": "console.log('⚠️ Models not available, using fallbacks');",
          "context": {
            "before": "} catch (error) {",
            "after": "// Create mock models"
          }
        },
        {
          "lineNumber": 105,
          "lineContent": "console.error('❌ Tenant portal error:', error);",
          "context": {
            "before": "} catch (error) {",
            "after": "res.status(500).json({ error: 'Failed to load tenant portal data' });"
          }
        },
        {
          "lineNumber": 133,
          "lineContent": "console.log('✅ Tenant request submitted:', workOrder.title);",
          "context": {
            "before": "",
            "after": ""
          }
        },
        {
          "lineNumber": 142,
          "lineContent": "console.error('❌ Tenant request submission error:', error);",
          "context": {
            "before": "} catch (error) {",
            "after": "res.status(500).json({ error: 'Failed to submit request' });"
          }
        },
        {
          "lineNumber": 190,
          "lineContent": "console.error('❌ Tenant bills error:', error);",
          "context": {
            "before": "} catch (error) {",
            "after": "res.status(500).json({ error: 'Failed to retrieve bills' });"
          }
        },
        {
          "lineNumber": 262,
          "lineContent": "console.error('❌ Technician portal error:', error);",
          "context": {
            "before": "} catch (error) {",
            "after": "res.status(500).json({ error: 'Failed to load technician portal data' });"
          }
        },
        {
          "lineNumber": 284,
          "lineContent": "console.error('❌ Technician status update error:', error);",
          "context": {
            "before": "} catch (error) {",
            "after": "res.status(500).json({ error: 'Failed to update status' });"
          }
        },
        {
          "lineNumber": 370,
          "lineContent": "console.error('❌ Owner portal error:', error);",
          "context": {
            "before": "} catch (error) {",
            "after": "res.status(500).json({ error: 'Failed to load owner portal data' });"
          }
        },
        {
          "lineNumber": 442,
          "lineContent": "console.error('❌ Corporate manager portal error:', error);",
          "context": {
            "before": "} catch (error) {",
            "after": "res.status(500).json({ error: 'Failed to load corporate data' });"
          }
        },
        {
          "lineNumber": 531,
          "lineContent": "console.error('❌ Vendor portal error:', error);",
          "context": {
            "before": "} catch (error) {",
            "after": "res.status(500).json({ error: 'Failed to load vendor portal data' });"
          }
        }
      ],
      "impact": "LOW",
      "confidence": "HIGH",
      "category": "Code Quality"
    },
    {
      "id": "ISS-1757855181557-4tum5",
      "type": "Security",
      "severity": "low",
      "file": "routes/dashboard.js",
      "issue": "Console statement in production code",
      "description": "Console statements should be removed from production code for performance and security",
      "remediation": "Replace with proper logging system (winston, bunyan) or remove entirely",
      "cwe": "CWE-532: Information Exposure Through Log Files",
      "count": 4,
      "matches": [
        {
          "lineNumber": 606,
          "lineContent": "console.warn(`Dashboard KPI endpoint slow response: ${responseTime}ms for period: ${period}`);",
          "context": {
            "before": "if (responseTime > 200) {",
            "after": "} else {"
          }
        },
        {
          "lineNumber": 608,
          "lineContent": "console.log(`Dashboard KPI endpoint responded in: ${responseTime}ms for period: ${period}`);",
          "context": {
            "before": "} else {",
            "after": "}"
          }
        },
        {
          "lineNumber": 809,
          "lineContent": "console.error('Analytics Error:', error);",
          "context": {
            "before": "} catch (error) {",
            "after": "res.status(500).json({"
          }
        },
        {
          "lineNumber": 897,
          "lineContent": "console.error('Recent Activities Error:', error);",
          "context": {
            "before": "} catch (error) {",
            "after": "res.status(500).json({"
          }
        }
      ],
      "impact": "LOW",
      "confidence": "HIGH",
      "category": "Code Quality"
    },
    {
      "id": "ISS-1757855181557-44hy1",
      "type": "Security",
      "severity": "critical",
      "file": "routes/dashboard.js",
      "issue": "SQL injection vulnerability",
      "description": "Template literals in SQL queries can lead to SQL injection attacks",
      "remediation": "Use parameterized queries or prepared statements",
      "cwe": "CWE-89: SQL Injection",
      "count": 3,
      "matches": [
        {
          "lineNumber": 606,
          "lineContent": "console.warn(`Dashboard KPI endpoint slow response: ${responseTime}ms for period: ${period}`);",
          "context": {
            "before": "if (responseTime > 200) {",
            "after": "} else {"
          }
        },
        {
          "lineNumber": 608,
          "lineContent": "console.log(`Dashboard KPI endpoint responded in: ${responseTime}ms for period: ${period}`);",
          "context": {
            "before": "} else {",
            "after": "}"
          }
        },
        {
          "lineNumber": 858,
          "lineContent": "description: `Status: ${wo.status}, Priority: ${wo.priority}`,",
          "context": {
            "before": "title: `Work Order: ${wo.title}`,",
            "after": "user: wo.assignedTo?.name || 'Unassigned',"
          }
        }
      ],
      "impact": "HIGH",
      "confidence": "HIGH",
      "category": "Security"
    },
    {
      "id": "ISS-1757855181560-lrr6y",
      "type": "Security",
      "severity": "low",
      "file": "routes/workorders.js",
      "issue": "Console statement in production code",
      "description": "Console statements should be removed from production code for performance and security",
      "remediation": "Replace with proper logging system (winston, bunyan) or remove entirely",
      "cwe": "CWE-532: Information Exposure Through Log Files",
      "count": 2,
      "matches": [
        {
          "lineNumber": 41,
          "lineContent": "console.error('Error auto-assigning technician:', error);",
          "context": {
            "before": "} catch (error) {",
            "after": "return null;"
          }
        },
        {
          "lineNumber": 439,
          "lineContent": "console.error('Error deleting work order:', error);",
          "context": {
            "before": "} catch (error) {",
            "after": "res.status(500).json({"
          }
        }
      ],
      "impact": "LOW",
      "confidence": "HIGH",
      "category": "Code Quality"
    },
    {
      "id": "ISS-1757855181560-wcj4a",
      "type": "Security",
      "severity": "low",
      "file": "routes/workorders.js",
      "issue": "Unresolved TODO/FIXME comment",
      "description": "Unresolved technical debt markers indicate incomplete implementation",
      "remediation": "Address the TODO item or remove if no longer relevant",
      "cwe": "N/A",
      "count": 1,
      "matches": [
        {
          "lineNumber": 32,
          "lineContent": "// TODO: Add availability and skill matching logic",
          "context": {
            "before": "tenantId: user.tenantId || user.organizationId,",
            "after": "// - Finding available technicians by location/zone"
          }
        }
      ],
      "impact": "LOW",
      "confidence": "HIGH",
      "category": "Code Quality"
    },
    {
      "id": "ISS-1757855181563-x8j1i",
      "type": "Security",
      "severity": "low",
      "file": "routes/crm.js",
      "issue": "Console statement in production code",
      "description": "Console statements should be removed from production code for performance and security",
      "remediation": "Replace with proper logging system (winston, bunyan) or remove entirely",
      "cwe": "CWE-532: Information Exposure Through Log Files",
      "count": 12,
      "matches": [
        {
          "lineNumber": 113,
          "lineContent": "console.error('Create customer error:', error);",
          "context": {
            "before": "} catch (error) {",
            "after": "res.status(500).json({"
          }
        },
        {
          "lineNumber": 206,
          "lineContent": "console.error('Get customers error:', error);",
          "context": {
            "before": "} catch (error) {",
            "after": "res.status(500).json({"
          }
        },
        {
          "lineNumber": 271,
          "lineContent": "console.error('Log interaction error:', error);",
          "context": {
            "before": "} catch (error) {",
            "after": "res.status(500).json({"
          }
        },
        {
          "lineNumber": 378,
          "lineContent": "console.error('Create lead error:', error);",
          "context": {
            "before": "} catch (error) {",
            "after": "res.status(500).json({"
          }
        },
        {
          "lineNumber": 477,
          "lineContent": "console.error('Convert lead error:', error);",
          "context": {
            "before": "} catch (error) {",
            "after": "res.status(500).json({"
          }
        },
        {
          "lineNumber": 561,
          "lineContent": "console.error('Create opportunity error:', error);",
          "context": {
            "before": "} catch (error) {",
            "after": "res.status(500).json({"
          }
        },
        {
          "lineNumber": 643,
          "lineContent": "console.error('Update opportunity stage error:', error);",
          "context": {
            "before": "} catch (error) {",
            "after": "res.status(500).json({"
          }
        },
        {
          "lineNumber": 726,
          "lineContent": "console.error('Create quote error:', error);",
          "context": {
            "before": "} catch (error) {",
            "after": "res.status(500).json({"
          }
        },
        {
          "lineNumber": 804,
          "lineContent": "console.error('Submit feedback error:', error);",
          "context": {
            "before": "} catch (error) {",
            "after": "res.status(500).json({"
          }
        },
        {
          "lineNumber": 988,
          "lineContent": "console.error('Get CRM analytics error:', error);",
          "context": {
            "before": "} catch (error) {",
            "after": "res.status(500).json({"
          }
        }
      ],
      "impact": "LOW",
      "confidence": "HIGH",
      "category": "Code Quality"
    },
    {
      "id": "ISS-1757855181564-d0586",
      "type": "Security",
      "severity": "medium",
      "file": "routes/crm.js",
      "issue": "Cryptographically weak random number generator",
      "description": "Math.random() is not cryptographically secure",
      "remediation": "Use crypto.randomBytes() for security-sensitive operations",
      "cwe": "CWE-338: Weak PRNG",
      "count": 1,
      "matches": [
        {
          "lineNumber": 1047,
          "lineContent": "const randomIndex = Math.floor(Math.random() * salesUsers.length);",
          "context": {
            "before": "// In production, implement more sophisticated rules",
            "after": "return salesUsers[randomIndex];"
          }
        }
      ],
      "impact": "LOW",
      "confidence": "HIGH",
      "category": "Code Quality"
    },
    {
      "id": "ISS-1757855181565-jwvg4",
      "type": "Security",
      "severity": "low",
      "file": "routes/marketplace.js",
      "issue": "Console statement in production code",
      "description": "Console statements should be removed from production code for performance and security",
      "remediation": "Replace with proper logging system (winston, bunyan) or remove entirely",
      "cwe": "CWE-532: Information Exposure Through Log Files",
      "count": 15,
      "matches": [
        {
          "lineNumber": 165,
          "lineContent": "console.error('Vendor registration error:', error);",
          "context": {
            "before": "} catch (error) {",
            "after": "res.status(500).json({"
          }
        },
        {
          "lineNumber": 232,
          "lineContent": "console.error('Verify vendor error:', error);",
          "context": {
            "before": "} catch (error) {",
            "after": "res.status(500).json({"
          }
        },
        {
          "lineNumber": 260,
          "lineContent": "console.error('Get vendors error:', error);",
          "context": {
            "before": "} catch (error) {",
            "after": "res.status(500).json({ error: error.message });"
          }
        },
        {
          "lineNumber": 361,
          "lineContent": "console.error('Get catalog error:', error);",
          "context": {
            "before": "} catch (error) {",
            "after": "res.status(500).json({"
          }
        },
        {
          "lineNumber": 449,
          "lineContent": "console.error('Add catalog item error:', error);",
          "context": {
            "before": "} catch (error) {",
            "after": "res.status(500).json({"
          }
        },
        {
          "lineNumber": 538,
          "lineContent": "console.error('Create RFQ error:', error);",
          "context": {
            "before": "} catch (error) {",
            "after": "res.status(500).json({"
          }
        },
        {
          "lineNumber": 576,
          "lineContent": "console.error('Get RFQs error:', error);",
          "context": {
            "before": "} catch (error) {",
            "after": "res.status(500).json({ error: error.message });"
          }
        },
        {
          "lineNumber": 692,
          "lineContent": "console.error('Submit bid error:', error);",
          "context": {
            "before": "} catch (error) {",
            "after": "res.status(500).json({"
          }
        },
        {
          "lineNumber": 802,
          "lineContent": "console.error('Award bid error:', error);",
          "context": {
            "before": "} catch (error) {",
            "after": "res.status(500).json({"
          }
        },
        {
          "lineNumber": 871,
          "lineContent": "console.error('Get purchase orders error:', error);",
          "context": {
            "before": "} catch (error) {",
            "after": "res.status(500).json({"
          }
        }
      ],
      "impact": "LOW",
      "confidence": "HIGH",
      "category": "Code Quality"
    },
    {
      "id": "ISS-1757855181568-2fjcp",
      "type": "Security",
      "severity": "critical",
      "file": "routes/marketplace.js",
      "issue": "SQL injection vulnerability",
      "description": "Template literals in SQL queries can lead to SQL injection attacks",
      "remediation": "Use parameterized queries or prepared statements",
      "cwe": "CWE-89: SQL Injection",
      "count": 2,
      "matches": [
        {
          "lineNumber": 34,
          "lineContent": "return `RFQ-${timestamp}-${random}-${microseconds}`;",
          "context": {
            "before": "const microseconds = process.hrtime.bigint() % 1000000n;",
            "after": "}"
          }
        },
        {
          "lineNumber": 410,
          "lineContent": "const sku = `${type === 'service' ? 'SRV' : 'PRD'}-${category.substring(0, 3).toUpperCase()}-${Date.now().toString(36).toUpperCase()}`;",
          "context": {
            "before": "// Generate SKU",
            "after": ""
          }
        }
      ],
      "impact": "HIGH",
      "confidence": "HIGH",
      "category": "Security"
    },
    {
      "id": "ISS-1757855181568-uqotj",
      "type": "Security",
      "severity": "medium",
      "file": "routes/marketplace.js",
      "issue": "Cryptographically weak random number generator",
      "description": "Math.random() is not cryptographically secure",
      "remediation": "Use crypto.randomBytes() for security-sensitive operations",
      "cwe": "CWE-338: Weak PRNG",
      "count": 2,
      "matches": [
        {
          "lineNumber": 32,
          "lineContent": "const random = Math.floor(Math.random() * 10000).toString().padStart(4, '0');",
          "context": {
            "before": "const timestamp = Date.now();",
            "after": "const microseconds = process.hrtime.bigint() % 1000000n;"
          }
        },
        {
          "lineNumber": 204,
          "lineContent": "const tempPassword = `Vendor@${Math.random().toString(36).slice(-8)}`;",
          "context": {
            "before": "const User = require('../models/User');",
            "after": "const bcrypt = require('bcryptjs');"
          }
        }
      ],
      "impact": "LOW",
      "confidence": "HIGH",
      "category": "Code Quality"
    },
    {
      "id": "ISS-1757855181571-wvy7f",
      "type": "Security",
      "severity": "critical",
      "file": "routes/reports.js",
      "issue": "SQL injection vulnerability",
      "description": "Template literals in SQL queries can lead to SQL injection attacks",
      "remediation": "Use parameterized queries or prepared statements",
      "cwe": "CWE-89: SQL Injection",
      "count": 2,
      "matches": [
        {
          "lineNumber": 842,
          "lineContent": "message: `${format.toUpperCase()} export prepared`,",
          "context": {
            "before": "res.json({",
            "after": "data,"
          }
        },
        {
          "lineNumber": 844,
          "lineContent": "filename: `${filename}.${format}`,",
          "context": {
            "before": "data,",
            "after": "recordCount: data.length,"
          }
        }
      ],
      "impact": "HIGH",
      "confidence": "HIGH",
      "category": "Security"
    },
    {
      "id": "ISS-1757855181572-gorvm",
      "type": "Security",
      "severity": "low",
      "file": "routes/system.js",
      "issue": "Console statement in production code",
      "description": "Console statements should be removed from production code for performance and security",
      "remediation": "Replace with proper logging system (winston, bunyan) or remove entirely",
      "cwe": "CWE-532: Information Exposure Through Log Files",
      "count": 2,
      "matches": [
        {
          "lineNumber": 106,
          "lineContent": "console.warn('Could not delete old logo:', error.message);",
          "context": {
            "before": "} catch (error) {",
            "after": "}"
          }
        },
        {
          "lineNumber": 114,
          "lineContent": "console.error(\"Async error:\", error);",
          "context": {
            "before": "} catch (error) {",
            "after": "if (res && !res.headersSent) {"
          }
        }
      ],
      "impact": "LOW",
      "confidence": "HIGH",
      "category": "Code Quality"
    },
    {
      "id": "ISS-1757855181573-soxbp",
      "type": "Security",
      "severity": "low",
      "file": "server.js",
      "issue": "Console statement in production code",
      "description": "Console statements should be removed from production code for performance and security",
      "remediation": "Replace with proper logging system (winston, bunyan) or remove entirely",
      "cwe": "CWE-532: Information Exposure Through Log Files",
      "count": 43,
      "matches": [
        {
          "lineNumber": 28,
          "lineContent": "console.warn('⚠️ Warning: Missing environment variables:', missingEnvVars.join(', '));",
          "context": {
            "before": "if (missingEnvVars.length > 0) {",
            "after": "console.log('💡 Using fallback values for development');"
          }
        },
        {
          "lineNumber": 37,
          "lineContent": "console.log('🔄 Initializing WebSocket server...');",
          "context": {
            "before": "// Initialize WebSocket with realtime service",
            "after": "realtimeService.establishWebSocket(server);"
          }
        },
        {
          "lineNumber": 41,
          "lineContent": "console.log('📡 Mounting enhanced route modules...');",
          "context": {
            "before": "// Mount the FIXED routes (no more try/catch blocks)",
            "after": ""
          }
        },
        {
          "lineNumber": 45,
          "lineContent": "console.log('✅ Enhanced Authentication module loaded');",
          "context": {
            "before": "app.use('/api/auth', require('./routes/auth'));",
            "after": ""
          }
        },
        {
          "lineNumber": 49,
          "lineContent": "console.log('✅ 5 Web Portals module loaded (Tenant, Technician, Owner, Corporate, Vendor)');",
          "context": {
            "before": "app.use('/api/portals', require('./routes/portals'));",
            "after": ""
          }
        },
        {
          "lineNumber": 53,
          "lineContent": "console.log('✅ Enhanced Finance & ZATCA module loaded');",
          "context": {
            "before": "app.use('/api/finance', require('./routes/finance'));",
            "after": ""
          }
        },
        {
          "lineNumber": 57,
          "lineContent": "console.log('✅ Search module loaded (workflow & layout audit)');",
          "context": {
            "before": "app.use('/api/search', require('./routes/search'));",
            "after": ""
          }
        },
        {
          "lineNumber": 62,
          "lineContent": "console.log('✅ Dashboard module loaded');",
          "context": {
            "before": "app.use('/api/dashboard', require('./routes/dashboard'));",
            "after": "} catch(e) {"
          }
        },
        {
          "lineNumber": 64,
          "lineContent": "console.log('⚠️ Dashboard route issue (fallback active):', e.message);",
          "context": {
            "before": "} catch(e) {",
            "after": "}"
          }
        },
        {
          "lineNumber": 69,
          "lineContent": "console.log('✅ Properties module loaded');",
          "context": {
            "before": "app.use('/api/properties', require('./routes/properties'));",
            "after": "} catch(e) {"
          }
        }
      ],
      "impact": "LOW",
      "confidence": "HIGH",
      "category": "Code Quality"
    }
  ],
  "securityAssessment": {
    "authenticationSecurity": "REQUIRES_REVIEW",
    "dataProtection": "REQUIRES_HARDENING",
    "inputValidation": "CRITICAL_GAPS",
    "errorHandling": "NEEDS_IMPROVEMENT",
    "loggingSecurity": "NON_COMPLIANT",
    "cryptographicControls": "ADEQUATE"
  },
  "complianceGaps": [
    {
      "standard": "OWASP Top 10 2021",
      "gaps": [
        "A03:2021 - Injection",
        "A09:2021 - Security Logging"
      ]
    },
    {
      "standard": "PCI DSS (if applicable)",
      "gaps": [
        "Requirement 6.5.1 - Injection flaws"
      ]
    }
  ],
  "remediationPlan": {
    "immediate": [
      "Fix all SQL injection vulnerabilities",
      "Remove hardcoded credentials",
      "Eliminate eval() usage"
    ],
    "shortTerm": [
      "Implement comprehensive input validation",
      "Add proper error handling",
      "Remove debugger statements"
    ],
    "longTerm": [
      "Implement security logging framework",
      "Add automated security testing",
      "Regular security assessments"
    ]
  },
  "recommendations": {
    "critical": [
      "Immediately address all Critical and High severity security vulnerabilities",
      "Implement parameterized queries for all database operations",
      "Remove all hardcoded credentials and use environment variables",
      "Establish secure coding guidelines and mandatory code reviews"
    ],
    "operational": [
      "Replace console statements with proper logging framework",
      "Implement comprehensive error handling strategy",
      "Add input validation and sanitization layers",
      "Regular security scanning in CI/CD pipeline"
    ]
  },
  "appendices": {
    "scanConfiguration": {
      "patternsUsed": 10,
      "filesIncluded": [
        "routes/auth.js",
        "routes/finance.js",
        "routes/portals.js",
        "routes/dashboard.js",
        "routes/properties.js",
        "routes/workorders.js",
        "routes/hr.js",
        "routes/administration.js",
        "routes/crm.js",
        "routes/marketplace.js",
        "routes/support.js",
        "routes/compliance.js",
        "routes/reports.js",
        "routes/system.js",
        "routes/pm.js",
        "server.js",
        "package.json"
      ],
      "exclusions": [
        "node_modules",
        ".git",
        "dist",
        "build"
      ],
      "scanDepth": "COMPREHENSIVE"
    },
    "methodology": "Static Application Security Testing (SAST) using pattern matching and semantic analysis"
  }
}