{
  "timestamp": "2025-09-14T13:40:57.051Z",
  "totalChecks": 43,
  "passed": 29,
  "failed": 12,
  "warnings": 1,
  "notFound": 1,
  "details": [
    {
      "id": "LP001",
      "category": "Landing Page",
      "element": "Header gradient background",
      "expected": "background: linear-gradient(135deg, #0078D4 0%, #00BCF2 100%)",
      "selector": ".landing-header",
      "file": "public/index.html",
      "severity": "high",
      "status": "pass",
      "actual": "background: linear-gradient(135deg, #0078D4 0%, #00BCF2 100%);",
      "line": 184
    },
    {
      "id": "LP002",
      "category": "Landing Page",
      "element": "Yellow Arabic button",
      "expected": "الشاملة للاستشارات العقارية",
      "selector": ".btn-arabic",
      "file": "public/index.html",
      "severity": "high",
      "status": "pass",
      "actual": "<button class=\"header-btn btn-arabic\">الشاملة للاستشارات العقارية</button>",
      "line": 551
    },
    {
      "id": "LP003",
      "category": "Landing Page",
      "element": "White Souq button",
      "expected": "Fixzit Souq",
      "selector": ".btn-souq",
      "file": "public/index.html",
      "severity": "high",
      "status": "pass",
      "actual": "alert('Fixzit Souq Marketplace - Coming Soon!');",
      "line": 893
    },
    {
      "id": "LP004",
      "category": "Landing Page",
      "element": "Green Access button",
      "expected": "Access Fixzit",
      "selector": ".btn-access",
      "file": "public/index.html",
      "severity": "high",
      "status": "pass",
      "actual": "<button class=\"header-btn btn-access\" onclick=\"showLogin()\">Access Fixzit</button>",
      "line": 553
    },
    {
      "id": "LP005",
      "category": "Landing Page",
      "element": "Flip dropdown animation",
      "expected": "transform,transition",
      "selector": ".dropdown-content",
      "file": "public/index.html",
      "severity": "high",
      "status": "pass",
      "actual": "transition: all 0.3s;",
      "line": 486
    },
    {
      "id": "LP006",
      "category": "Landing Page",
      "element": "Enterprise Features section",
      "expected": "enterprise-card",
      "selector": ".enterprise-card",
      "file": "public/index.html",
      "severity": "medium",
      "status": "fail",
      "actual": "Expected content not found in file",
      "line": 0
    },
    {
      "id": "LP007",
      "category": "Landing Page",
      "element": "Footer version",
      "expected": "v2.0.26",
      "selector": ".footer-version",
      "file": "public/index.html",
      "severity": "low",
      "status": "warning",
      "actual": "Expected content not found in file",
      "line": 0
    },
    {
      "id": "SB001",
      "category": "Sidebar",
      "element": "Monday.com style sidebar",
      "expected": "sidebar,collapsible",
      "selector": ".sidebar",
      "file": "public/index.html",
      "severity": "high",
      "status": "pass",
      "actual": "document.querySelectorAll('.sidebar-item').forEach(item => {",
      "line": 924
    },
    {
      "id": "SB002",
      "category": "Sidebar",
      "element": "Collapsed by default",
      "expected": "collapsed",
      "selector": ".sidebar.collapsed",
      "file": "public/index.html",
      "severity": "medium",
      "status": "pass",
      "actual": "sidebar.classList.toggle('collapsed');",
      "line": 898
    },
    {
      "id": "SB003",
      "category": "Sidebar",
      "element": "Dashboard module",
      "expected": "dashboard",
      "selector": "[data-module=\"dashboard\"]",
      "file": "public/index.html",
      "severity": "high",
      "status": "pass",
      "actual": "console.log('Dashboard loaded');",
      "line": 966
    },
    {
      "id": "SB004",
      "category": "Sidebar",
      "element": "Work Orders module",
      "expected": "work-orders",
      "selector": "[data-module=\"work-orders\"]",
      "file": "public/index.html",
      "severity": "high",
      "status": "fail",
      "actual": "Expected content not found in file",
      "line": 0
    },
    {
      "id": "SB005",
      "category": "Sidebar",
      "element": "Properties module",
      "expected": "properties",
      "selector": "[data-module=\"properties\"]",
      "file": "public/index.html",
      "severity": "high",
      "status": "pass",
      "actual": "properties: database.properties.length,",
      "line": 1111
    },
    {
      "id": "SB006",
      "category": "Sidebar",
      "element": "Finance module",
      "expected": "finance",
      "selector": "[data-module=\"finance\"]",
      "file": "public/index.html",
      "severity": "high",
      "status": "fail",
      "actual": "Expected content not found in file",
      "line": 0
    },
    {
      "id": "SB007",
      "category": "Sidebar",
      "element": "Human Resources module",
      "expected": "hr",
      "selector": "[data-module=\"hr\"]",
      "file": "public/index.html",
      "severity": "high",
      "status": "fail",
      "actual": "Expected content not found in file",
      "line": 0
    },
    {
      "id": "SB008",
      "category": "Sidebar",
      "element": "Administration module",
      "expected": "admin",
      "selector": "[data-module=\"admin\"]",
      "file": "public/index.html",
      "severity": "high",
      "status": "pass",
      "actual": "async function loginToBackend(email = \"admin@test.com\", password = \"password123\") {",
      "line": 841
    },
    {
      "id": "SB009",
      "category": "Sidebar",
      "element": "CRM module",
      "expected": "crm",
      "selector": "[data-module=\"crm\"]",
      "file": "public/index.html",
      "severity": "high",
      "status": "fail",
      "actual": "Expected content not found in file",
      "line": 0
    },
    {
      "id": "SB010",
      "category": "Sidebar",
      "element": "Marketplace module",
      "expected": "marketplace",
      "selector": "[data-module=\"marketplace\"]",
      "file": "public/index.html",
      "severity": "high",
      "status": "pass",
      "actual": "alert('Fixzit Souq Marketplace - Coming Soon!');",
      "line": 893
    },
    {
      "id": "SB011",
      "category": "Sidebar",
      "element": "Support module",
      "expected": "support",
      "selector": "[data-module=\"support\"]",
      "file": "public/index.html",
      "severity": "high",
      "status": "pass",
      "actual": "/* RTL Support */",
      "line": 494
    },
    {
      "id": "SB012",
      "category": "Sidebar",
      "element": "Compliance & Legal module",
      "expected": "compliance",
      "selector": "[data-module=\"compliance\"]",
      "file": "public/index.html",
      "severity": "high",
      "status": "fail",
      "actual": "Expected content not found in file",
      "line": 0
    },
    {
      "id": "SB013",
      "category": "Sidebar",
      "element": "Reports & Analytics module",
      "expected": "reports",
      "selector": "[data-module=\"reports\"]",
      "file": "public/index.html",
      "severity": "high",
      "status": "pass",
      "actual": "<span class=\"sidebar-text\">Reports</span>",
      "line": 661
    },
    {
      "id": "SB014",
      "category": "Sidebar",
      "element": "System Management module",
      "expected": "system",
      "selector": "[data-module=\"system\"]",
      "file": "public/index.html",
      "severity": "high",
      "status": "pass",
      "actual": "console.log('FIXZIT System Loaded Successfully');",
      "line": 1108
    },
    {
      "id": "SB015",
      "category": "Sidebar",
      "element": "Preventive Maintenance module",
      "expected": "preventive",
      "selector": "[data-module=\"preventive\"]",
      "file": "public/index.html",
      "severity": "high",
      "status": "fail",
      "actual": "Expected content not found in file",
      "line": 0
    },
    {
      "id": "TB001",
      "category": "Topbar",
      "element": "Topbar height 60px",
      "expected": "height: 60px",
      "selector": ".topbar",
      "file": "public/index.html",
      "severity": "medium",
      "status": "pass",
      "actual": "height: 60px;",
      "line": 185
    },
    {
      "id": "TB002",
      "category": "Topbar",
      "element": "Blue background #0061A8",
      "expected": "#0061A8",
      "selector": ".topbar",
      "file": "public/index.html",
      "severity": "medium",
      "status": "fail",
      "actual": "Expected content not found in file",
      "line": 0
    },
    {
      "id": "TB003",
      "category": "Topbar",
      "element": "Global search",
      "expected": "global-search",
      "selector": ".global-search",
      "file": "public/index.html",
      "severity": "high",
      "status": "fail",
      "actual": "Expected content not found in file",
      "line": 0
    },
    {
      "id": "TB004",
      "category": "Topbar",
      "element": "Quick create button",
      "expected": "quick-create",
      "selector": ".quick-create",
      "file": "public/index.html",
      "severity": "high",
      "status": "fail",
      "actual": "Expected content not found in file",
      "line": 0
    },
    {
      "id": "TB005",
      "category": "Topbar",
      "element": "Notification bell",
      "expected": "notification-bell",
      "selector": ".notification-bell",
      "file": "public/index.html",
      "severity": "high",
      "status": "fail",
      "actual": "Expected content not found in file",
      "line": 0
    },
    {
      "id": "TB006",
      "category": "Topbar",
      "element": "User avatar dropdown",
      "expected": "user-avatar",
      "selector": ".user-avatar",
      "file": "public/index.html",
      "severity": "high",
      "status": "pass",
      "actual": "<div class=\"user-avatar\">JD</div>",
      "line": 627
    },
    {
      "id": "TB007",
      "category": "Topbar",
      "element": "Language toggle EN/عربي",
      "expected": "lang-toggle,EN,عربي",
      "selector": ".lang-toggle",
      "file": "public/index.html",
      "severity": "high",
      "status": "pass",
      "actual": "<span class=\"lang-option\" onclick=\"setLanguage('ar')\">عربي</span>",
      "line": 620
    },
    {
      "id": "TB008",
      "category": "Topbar",
      "element": "Dashboard dynamic tabs",
      "expected": "Overview,My Work,Alerts,Calendar,Reports",
      "selector": ".topbar-tabs[data-module=\"dashboard\"]",
      "file": "public/index.html",
      "severity": "high",
      "status": "pass",
      "actual": "<span class=\"sidebar-text\">Reports</span>",
      "line": 661
    },
    {
      "id": "TB009",
      "category": "Topbar",
      "element": "Work Orders dynamic tabs",
      "expected": "All Orders,By Status,Calendar View,PM Schedule",
      "selector": ".topbar-tabs[data-module=\"work-orders\"]",
      "file": "public/index.html",
      "severity": "high",
      "status": "fail",
      "actual": "Expected content not found in file",
      "line": 0
    },
    {
      "id": "TB010",
      "category": "Topbar",
      "element": "Properties dynamic tabs",
      "expected": "All Properties,Units & Tenants,Leases,Inspections",
      "selector": ".topbar-tabs[data-module=\"properties\"]",
      "file": "public/index.html",
      "severity": "high",
      "status": "pass",
      "actual": "<h2>All Properties</h2>",
      "line": 979
    },
    {
      "id": "TB011",
      "category": "Topbar",
      "element": "Finance dynamic tabs",
      "expected": "Invoices,Payments,ZATCA,Budget,Reports",
      "selector": ".topbar-tabs[data-module=\"finance\"]",
      "file": "public/index.html",
      "severity": "high",
      "status": "pass",
      "actual": "<span class=\"sidebar-text\">Reports</span>",
      "line": 661
    },
    {
      "id": "API001",
      "category": "API Routes",
      "element": "Auth routes",
      "expected": "login,register,logout,authenticate",
      "file": "routes/auth.js",
      "severity": "high",
      "status": "pass",
      "actual": "module.exports.authenticateToken = authenticateToken;",
      "line": 534
    },
    {
      "id": "API002",
      "category": "API Routes",
      "element": "Dashboard routes",
      "expected": "dashboard,kpi,metrics,stats",
      "file": "routes/dashboard.js",
      "severity": "high",
      "status": "pass",
      "actual": "availableMetrics: [",
      "line": 904
    },
    {
      "id": "API003",
      "category": "API Routes",
      "element": "Marketplace routes",
      "expected": "marketplace,vendor,rfq,products",
      "file": "routes/marketplace.js",
      "severity": "high",
      "status": "pass",
      "actual": "// SHOPPING CART (for products)",
      "line": 1063
    },
    {
      "id": "API004",
      "category": "API Routes",
      "element": "Finance routes",
      "expected": "invoice,payment,zatca,budget",
      "file": "routes/finance.js",
      "severity": "high",
      "status": "pass",
      "actual": "'Budget Analysis'",
      "line": 437
    },
    {
      "id": "API005",
      "category": "API Routes",
      "element": "Properties routes",
      "expected": "properties,units,tenants,lease",
      "file": "routes/properties.js",
      "severity": "high",
      "status": "pass",
      "actual": "// Historical data would be calculated based on lease history",
      "line": 315
    },
    {
      "id": "API006",
      "category": "API Routes",
      "element": "Work Orders routes",
      "expected": "workorder,maintenance,task,schedule",
      "file": "routes/workorders.js",
      "severity": "high",
      "status": "pass",
      "actual": "title: deletedWorkOrder.title,",
      "line": 432
    },
    {
      "id": "SYS001",
      "category": "System",
      "element": "Server running on port 5000",
      "expected": "5000,PORT",
      "file": "server.js",
      "severity": "high",
      "status": "pass",
      "actual": "Port 5000 configuration found",
      "line": 255
    },
    {
      "id": "SYS002",
      "category": "System",
      "element": "Frontend serving",
      "expected": "3000,frontend,serve",
      "file": "serve-frontend.js",
      "severity": "high",
      "status": "pass",
      "actual": "console.log('✅ Fixzit Frontend running on http://localhost:3000');",
      "line": 43
    },
    {
      "id": "SYS003",
      "category": "System",
      "element": "Database configuration",
      "expected": "database,connection,config",
      "file": "config/database.js",
      "severity": "high",
      "status": "not_found",
      "actual": "File not found: config/database.js"
    },
    {
      "id": "SYS004",
      "category": "System",
      "element": "Package.json dependencies",
      "expected": "express,cors,bcryptjs,jsonwebtoken",
      "file": "package.json",
      "severity": "medium",
      "status": "pass",
      "actual": "\"jsonwebtoken\": \"^9.0.2\",",
      "line": 84
    }
  ],
  "coverage": 67.44186046511628,
  "generatedAt": "2025-09-14T13:40:57.084Z",
  "categoryBreakdown": [
    {
      "category": "Landing Page",
      "total": 7,
      "passed": 5,
      "failed": 1,
      "warnings": 1,
      "notFound": 0,
      "coverage": 71.42857142857143
    },
    {
      "category": "Sidebar",
      "total": 15,
      "passed": 9,
      "failed": 6,
      "warnings": 0,
      "notFound": 0,
      "coverage": 60
    },
    {
      "category": "Topbar",
      "total": 11,
      "passed": 6,
      "failed": 5,
      "warnings": 0,
      "notFound": 0,
      "coverage": 54.54545454545454
    },
    {
      "category": "API Routes",
      "total": 6,
      "passed": 6,
      "failed": 0,
      "warnings": 0,
      "notFound": 0,
      "coverage": 100
    },
    {
      "category": "System",
      "total": 4,
      "passed": 3,
      "failed": 0,
      "warnings": 0,
      "notFound": 1,
      "coverage": 75
    }
  ]
}