{
  "audit_info": {
    "report_version": "2.1.0",
    "generated_timestamp": "2025-09-14T16:25:08Z",
    "project_name": "FIXZIT Enterprise Unified Platform",
    "audit_type": "Comprehensive Security & Dependency Audit",
    "files_scanned": 2326,
    "total_dependencies": 138
  },
  "executive_summary": {
    "overall_status": "MODERATE RISK",
    "critical_issues": 3,
    "high_severity_issues": 1,
    "low_severity_issues": 3,
    "total_vulnerabilities": 7,
    "recommendation": "IMMEDIATE ACTION REQUIRED - Critical vulnerabilities need patching"
  },
  "critical_vulnerabilities": [
    {
      "package": "bson",
      "version": "<=1.1.3",
      "severity": "CRITICAL",
      "issues": [
        {
          "cve": "GHSA-4jwp-vfvf-657p",
          "description": "Deserialization of Untrusted Data in bson",
          "impact": "Remote code execution possible"
        },
        {
          "cve": "GHSA-8462-q7x7-g2x4", 
          "description": "js-bson vulnerable to REDoS",
          "impact": "Denial of Service through regex exploitation"
        },
        {
          "cve": "GHSA-v8w9-2789-6hhr",
          "description": "Deserialization of Untrusted Data in bson",
          "impact": "Data corruption and security bypass"
        }
      ],
      "affected_packages": ["mongodb-core", "mongodb"],
      "fix_available": true,
      "fix_action": "npm audit fix --force (breaking change to mongodb@6.19.0)"
    }
  ],
  "high_severity_issues": [
    {
      "package": "xlsx",
      "severity": "HIGH",
      "issues": [
        {
          "cve": "GHSA-4r6h-8v6p-xvw6",
          "description": "Prototype Pollution in sheetJS",
          "impact": "Application manipulation through prototype injection"
        },
        {
          "cve": "GHSA-5pgg-2g8v-p4x9",
          "description": "SheetJS Regular Expression Denial of Service (ReDoS)",
          "impact": "Service disruption through crafted inputs"
        }
      ],
      "fix_available": false,
      "fix_action": "Consider alternative library or manual patching"
    }
  ],
  "authentication_security": [
    {
      "package": "cookie",
      "version": "<0.7.0",
      "severity": "MODERATE",
      "cve": "GHSA-pxg6-pf52-xh8x",
      "description": "Cookie accepts name, path, and domain with out of bounds characters",
      "affected_packages": ["@auth/core", "next-auth"],
      "fix_available": true,
      "fix_action": "Upgrade next-auth to 4.24.7+ (breaking change)"
    }
  ],
  "dependency_analysis": {
    "outdated_packages": 11,
    "major_version_updates_needed": [
      {
        "package": "mongodb",
        "current": "2.2.12",
        "latest": "6.19.0",
        "status": "CRITICAL - Major version behind",
        "breaking_changes": "Yes - API changes expected"
      },
      {
        "package": "react",
        "current": "18.3.1",
        "latest": "19.1.1", 
        "status": "Major version available",
        "breaking_changes": "Potential compatibility issues"
      },
      {
        "package": "nodemailer",
        "current": "6.10.1",
        "latest": "7.0.6",
        "status": "Major version available"
      }
    ],
    "minor_updates": [
      "axios (1.12.1 → 1.12.2)",
      "lucide-react (0.542.0 → 0.544.0)",
      "zod (4.1.7 → 4.1.8)",
      "@headlessui/react (2.2.7 → 2.2.8)"
    ]
  },
  "system_analysis": {
    "node_version": "v20.19.3",
    "npm_version": "10.8.2",
    "active_processes": 7,
    "disk_usage": "63% (30GB used / 50GB total)",
    "memory_available": "36GB available / 62GB total",
    "status": "System resources adequate"
  },
  "code_quality": {
    "lsp_diagnostics": "No syntax errors found",
    "circular_dependencies": "None detected",
    "technical_debt_markers": "Found in dependencies (React types)",
    "status": "Good - No critical code issues"
  },
  "recommendations": [
    {
      "priority": "IMMEDIATE",
      "action": "Fix critical BSON vulnerabilities",
      "command": "npm audit fix --force",
      "impact": "Breaking changes to MongoDB driver"
    },
    {
      "priority": "HIGH",
      "action": "Replace or patch XLSX library",
      "reason": "No automated fix available for high severity issues"
    },
    {
      "priority": "MEDIUM", 
      "action": "Update authentication libraries",
      "command": "npm update next-auth",
      "impact": "May require auth configuration changes"
    },
    {
      "priority": "LOW",
      "action": "Update minor package versions",
      "command": "npm update",
      "impact": "Minimal breaking changes expected"
    }
  ],
  "compliance_status": {
    "security_standards": "REQUIRES ATTENTION",
    "dependency_freshness": "OUTDATED",
    "code_quality": "GOOD",
    "overall_grade": "C+ (Needs improvement)"
  }
}