{
  "timestamp": "2025-09-13T17:38:57.404Z",
  "criticalIssues": 0,
  "securityScore": 100,
  "checks": [
    {
      "name": "JWT_SECRET_SECURE",
      "status": true,
      "severity": "critical",
      "message": "JWT secret is secure (40 characters)"
    },
    {
      "name": "AUTH_DB_VERIFICATION",
      "status": true,
      "severity": "critical",
      "message": "Database verification implemented in auth middleware"
    },
    {
      "name": "AUTH_NO_QUERY_TOKENS",
      "status": true,
      "severity": "high",
      "message": "Query parameter tokens properly blocked"
    },
    {
      "name": "AUTH_NO_FALLBACK",
      "status": true,
      "severity": "critical",
      "message": "JWT fallback properly removed"
    },
    {
      "name": "XSS_PROTECTION",
      "status": true,
      "severity": "high",
      "message": "XSS protection with deep sanitization implemented"
    },
    {
      "name": "NOSQL_INJECTION_PROTECTION",
      "status": true,
      "severity": "high",
      "message": "NoSQL injection prevention implemented"
    },
    {
      "name": "SECURITY_PACKAGES",
      "status": true,
      "severity": "medium",
      "message": "All 5 security packages installed"
    },
    {
      "name": "PRODUCTION_MODE",
      "status": true,
      "severity": "medium",
      "message": "Application configured for production mode"
    }
  ]
}