{
  "report_info": {
    "version": "1.3.0",
    "timestamp": "2025-09-14T16:25:08Z",
    "report_type": "System Health & Performance Analysis",
    "scope": "FIXZIT Enterprise Platform - Complete Infrastructure"
  },
  "workflow_status": {
    "total_workflows": 6,
    "running": 4,
    "finished": 1,
    "failed": 1,
    "workflows_detail": [
      {
        "name": "AI Automation Demo",
        "status": "RUNNING",
        "port": 8000,
        "health": "HEALTHY",
        "uptime": "Active"
      },
      {
        "name": "Fixzit Frontend", 
        "status": "RUNNING",
        "port": 3000,
        "health": "HEALTHY",
        "features": ["Landing page", "Monday.com UI", "RTL Arabic support"]
      },
      {
        "name": "Fixzit Mobile App",
        "status": "RUNNING", 
        "health": "HEALTHY",
        "framework": "Expo"
      },
      {
        "name": "Fixzit Platform",
        "status": "RUNNING",
        "port": 5000,
        "health": "DEGRADED",
        "issues": ["Redis connection failures", "Route loading errors"],
        "fallback_mode": "Active - Redis fallback operational"
      },
      {
        "name": "Fixzit Souq Fixed",
        "status": "FINISHED",
        "port": 5000,
        "health": "HEALTHY",
        "last_message": "Successfully serving static files"
      },
      {
        "name": "Fixzit Souq Server",
        "status": "FAILED",
        "port": 6000,
        "health": "CRITICAL",
        "issue": "Application failed to start"
      }
    ]
  },
  "infrastructure_errors": [
    {
      "type": "REDIS_CONNECTION",
      "severity": "WARNING",
      "count": "Multiple occurrences",
      "description": "Redis connection refused on 127.0.0.1:6379",
      "impact": "Operating in fallback mode - functionality maintained",
      "recommendation": "Install and configure Redis service"
    },
    {
      "type": "ROUTE_LOADING", 
      "severity": "ERROR",
      "count": 12,
      "description": "Route loading errors in Fixzit Platform",
      "impact": "Some API endpoints may be unavailable",
      "recommendation": "Investigate route configuration files"
    },
    {
      "type": "MONGOOSE_WARNING",
      "severity": "WARNING", 
      "description": "Duplicate schema index on invoiceNumber",
      "impact": "Performance degradation on database queries",
      "recommendation": "Clean up duplicate index definitions"
    },
    {
      "type": "EXPRESS_MONGO_SANITIZE",
      "severity": "ERROR",
      "description": "Cannot set property query - middleware conflict",
      "impact": "Request sanitization may be compromised",
      "recommendation": "Update express-mongo-sanitize configuration"
    }
  ],
  "performance_metrics": {
    "system_resources": {
      "disk_usage": {
        "used": "30GB",
        "total": "50GB", 
        "percentage": "63%",
        "status": "ACCEPTABLE"
      },
      "memory": {
        "total": "62GB",
        "used": "25GB",
        "available": "36GB",
        "status": "EXCELLENT"
      },
      "processes": {
        "active_node_processes": 7,
        "status": "NORMAL"
      }
    },
    "application_health": {
      "browser_console": "Application loaded successfully",
      "static_file_serving": "Operational",
      "api_endpoints": "Partial functionality due to route errors"
    }
  },
  "network_configuration": {
    "ports_in_use": [
      {"port": 3000, "service": "Fixzit Frontend", "status": "ACTIVE"},
      {"port": 5000, "service": "Fixzit Platform/Souq Fixed", "status": "ACTIVE"}, 
      {"port": 6000, "service": "Fixzit Souq Server", "status": "FAILED"},
      {"port": 8000, "service": "AI Automation Demo", "status": "ACTIVE"}
    ],
    "port_conflicts": "None detected",
    "external_connectivity": "Operational"
  },
  "database_status": {
    "postgresql": {
      "status": "AVAILABLE",
      "connection": "Operational via DATABASE_URL",
      "health": "HEALTHY"
    },
    "mongodb": {
      "status": "CONFIGURED",
      "connection": "Available via MONGODB_URI", 
      "health": "HEALTHY"
    },
    "redis": {
      "status": "UNAVAILABLE",
      "connection": "FAILED - Connection refused",
      "health": "CRITICAL",
      "fallback": "System operating in fallback mode"
    }
  },
  "security_posture": {
    "secrets_management": "CONFIGURED",
    "available_secrets": ["DATABASE_URL", "JWT_SECRET", "MONGODB_URI", "PGDATABASE", "PGHOST", "PGPASSWORD", "PGPORT", "PGUSER"],
    "missing_secrets": ["JWT_API_SECRET", "JWT_REFRESH_SECRET"],
    "status": "PARTIALLY_CONFIGURED"
  },
  "critical_issues": [
    {
      "issue": "Fixzit Souq Server Failed",
      "priority": "HIGH",
      "impact": "Marketplace functionality unavailable",
      "recommendation": "Debug server startup and fix configuration"
    },
    {
      "issue": "Redis Service Unavailable",
      "priority": "MEDIUM", 
      "impact": "Performance degradation, caching disabled",
      "recommendation": "Install and configure Redis service"
    },
    {
      "issue": "Route Loading Errors",
      "priority": "MEDIUM",
      "impact": "API functionality compromised",
      "recommendation": "Fix route configuration and middleware conflicts"
    }
  ],
  "recommendations": [
    {
      "priority": "IMMEDIATE",
      "action": "Fix Fixzit Souq Server startup issues",
      "steps": ["Debug server.js configuration", "Check port conflicts", "Verify middleware setup"]
    },
    {
      "priority": "HIGH",
      "action": "Install Redis service",
      "steps": ["Configure Redis server", "Update connection settings", "Test caching functionality"]
    },
    {
      "priority": "MEDIUM",
      "action": "Resolve route loading errors", 
      "steps": ["Check route file integrity", "Update middleware configuration", "Test API endpoints"]
    },
    {
      "priority": "LOW",
      "action": "Clean up database schema",
      "steps": ["Remove duplicate indexes", "Optimize query performance"]
    }
  ],
  "overall_health_score": "75/100",
  "system_grade": "B- (Good with areas needing attention)"
}