name,path,hash,size_bytes
page.tsx,/home/runner/workspace/fixzit-postgres/frontend/app/(app)/finance/page.tsx,6fe8b9a1b1b3c4977f4eefa9a1240908eca0c8bfc74e9d37917cbbd38a318cdf,53738
page.tsx,/home/runner/workspace/fixzit-postgres/frontend/app/(app)/properties/page.tsx,6787956981ebf57500d1ab5f29859b351779af6930fbfabe3bdbf0ac745a4192,49333
page.tsx,/home/runner/workspace/fixzit-postgres/frontend/app/(app)/crm/page.tsx,7f0eddbea443f20831b43d6876365e1cd49a91d7194f64eeb8f34e2c67e55565,38083
page.tsx,/home/runner/workspace/fixzit-postgres/frontend/app/(app)/preventive-maintenance/page.tsx,3b48ad7e9e25c01e2b04bbc697e0f7f6bf07f5ff908dd7d67cd4ad6f628b5458,32269
page.tsx,/home/runner/workspace/fixzit-postgres/frontend/app/(public)/page.tsx,e36d9a57d0a05fca773f31fed258dfeb67e380aab869686ad12f5f8525a69fa3,30781
page.tsx,/home/runner/workspace/fixzit-postgres/frontend/app/(app)/marketplace/page.tsx,42e3530a04995b66c09d19bef700903f8bb7becd19618bbf6c9e9f9e14925019,30169
page.tsx,/home/runner/workspace/fixzit-postgres/frontend/app/(app)/reports/page.tsx,233ac98cd852fb09b7f0340c96012fb8c1ebc7e8f2661c129cb291c6ea6b7e13,27459
page.tsx,/home/runner/workspace/fixzit-postgres/frontend/app/(app)/settings/page.tsx,4e66ba483ed429d70d157c30ae0ea4b4c6727d0ebc676c343d81b6caa17c5338,21587
page.tsx,/home/runner/workspace/fixzit-postgres/frontend/app/(app)/support/page.tsx,92d461ea73ff5f4b8aa2d0af0a8bf498c08d2f4c74f365b68c529354cb9f589f,19800
page.tsx,/home/runner/workspace/fixzit-postgres/frontend/app/(app)/system/page.tsx,cb5e751522484155899d07ab8a259d979a90e758e980e810389449ca0ce43731,19221
page.tsx,/home/runner/workspace/fixzit-postgres/frontend/app/(app)/work-orders/[id]/page.tsx,61425d3d295a34a42ea03845dbe4d2394ba9b875a5d1eff802bf19493745782a,18770
page.tsx,/home/runner/workspace/fixzit-postgres/frontend/app/(app)/work-orders/page.tsx,4bd1cbb4ccdb5d282af49e561101da6f23931cca4d5781baee28caf954ec7615,18677
layout.tsx,/home/runner/workspace/fixzit-postgres/frontend/app/(app)/layout.tsx,8311d45eeba476f9ffce5a7de12dabadb4f2147f609323b527d2a386201036ce,17981
page.tsx,/home/runner/workspace/fixzit-postgres/frontend/app/(app)/compliance/page.tsx,b5587ca752ce93bf4ffc4c604150a0350359b1042e6b3b8e941b13b9c63ec524,15723
layout.tsx,/home/runner/workspace/fixzit-postgres/frontend/app/(auth)/layout.tsx,ffad166dfbe2a35ccd698c1a7ba22763e8ca8e682717e6c6d4370d2a3894868b,12757
page.tsx,/home/runner/workspace/fixzit-postgres/frontend/app/(app)/properties/[id]/page.tsx,4bcb061a360a90db74e688f43cc3fc59605975ace0ec02754537953a0d9c27bc,11951
page.tsx,/home/runner/workspace/fixzit-postgres/frontend/app/(app)/profile/page.tsx,1a69e16a905a61fa1e9b62e4bfff6326cafc42ef909193281b040302300f87e0,10785
work-orders.ts,/home/runner/workspace/fixzit-postgres/frontend/lib/types/work-orders.ts,02ae29c7f742a7dd1570f0bb8c42de24c6d70f947e68c0504f827ac69a2770d1,10204
page.tsx,/home/runner/workspace/fixzit-postgres/frontend/app/(app)/hr/page.tsx,6c24b45483a603ebfc81b685db4a8bc3e6c7ecd221d4f5f8908fd0bf8abced5d,9851
api.ts,/home/runner/workspace/fixzit-postgres/frontend/lib/types/api.ts,193ce5e649c5c90cefb584d70d45713ea52a18a17107734c5e059e0a6d6fbb44,9833
page.tsx,/home/runner/workspace/fixzit-postgres/frontend/app/(app)/dashboard/page.tsx,1e300c08acc56a288ef05fe4e7a66553648c97c222418987e574eb737c61fa4d,9176
page.tsx,/home/runner/workspace/fixzit-postgres/frontend/app/(auth)/login/page.tsx,b08d25aaffc2a0b62ded2fcee0875ffbedb21b7e44de57f305b90ea3f277a971,9137
work-orders.ts,/home/runner/workspace/fixzit-postgres/frontend/types/work-orders.ts,a47461b237ff6620a1e7a5e757f40c3fe996a5e4542bcb3c0ba0f92104e25e0f,8774
quickactions.tsx,/home/runner/workspace/fixzit-postgres/frontend/src/components/shared/QuickActions.tsx,0b0ed3424829bf517a22049865d0442449a2dd9bb9a1e5ea18766257e05d93f1,4367
auth.ts,/home/runner/workspace/fixzit-postgres/frontend/lib/auth.ts,6cfb51f6c08051e91696e1651873794c93ce2a251de0cb99e222541b3ec58196,2672
quickactions.tsx,/home/runner/workspace/fixzit-postgres/frontend/src/components/work-orders/QuickActions.tsx,bd00b535bac60d4fd8ec0cd0a04084229c5ef6a72c1857c1a3db6832c56d275c,2045
index.ts,/home/runner/workspace/fixzit-postgres/frontend/lib/services/index.ts,cec7c083abe5123f53f3e62ad6ab8ede7d8a203564e45f2d4a07dbd185a8ba6e,1594
page.tsx,/home/runner/workspace/fixzit-postgres/frontend/app/(app)/admin/page.tsx,e1a2583c10ce83a3977dab688717a216b3b13ebda92e1a5cd0cf593339007d0f,1575
auth.ts,/home/runner/workspace/fixzit-postgres/frontend/src/utils/auth.ts,a3eb22dc9938bb6d2921130a5c2b3828c0b456674addff184ecac8f938a86cd8,1328
layout.tsx,/home/runner/workspace/fixzit-postgres/frontend/app/layout.tsx,66c27cf919a885b0b8bdcfec4f44fabdd3e30d7ad75c18ff14d2fdacf2644352,996
api.ts,/home/runner/workspace/fixzit-postgres/frontend/lib/api.ts,df5ebcb19b150b723d2759ccbbc661cc4288152dc21fce504f649258d8a3c801,774
index.ts,/home/runner/workspace/fixzit-postgres/frontend/src/components/theme/index.ts,86a393fa22fcdf526d9e7ae8008932eedbcdaf5559d2bda8aab251899c8d118f,594
layout.tsx,/home/runner/workspace/fixzit-postgres/frontend/app/(public)/layout.tsx,6b6949f255785f45ad6035ccb09fb3a033d5873aafd870efd1a5fa694cf687fc,305
