path,relpath,size_bytes,ext,category
/home/runner/workspace/fixzit-postgres/frontend/tsconfig.tsbuildinfo,tsconfig.tsbuildinfo,455234,.tsbuildinfo,other
/home/runner/workspace/fixzit-postgres/frontend/app/(app)/finance/page.tsx,app/(app)/finance/page.tsx,53738,.tsx,other
/home/runner/workspace/fixzit-postgres/frontend/app/(app)/properties/page.tsx,app/(app)/properties/page.tsx,49333,.tsx,other
/home/runner/workspace/fixzit-postgres/frontend/app/(app)/crm/page.tsx,app/(app)/crm/page.tsx,38083,.tsx,other
/home/runner/workspace/fixzit-postgres/frontend/src/components/admin/VendorManagement.tsx,src/components/admin/VendorManagement.tsx,35131,.tsx,other
/home/runner/workspace/fixzit-postgres/frontend/src/components/admin/FleetManagement.tsx,src/components/admin/FleetManagement.tsx,34496,.tsx,other
/home/runner/workspace/fixzit-postgres/frontend/app/(app)/preventive-maintenance/page.tsx,app/(app)/preventive-maintenance/page.tsx,32269,.tsx,other
/home/runner/workspace/fixzit-postgres/frontend/src/components/admin/AssetManagement.tsx,src/components/admin/AssetManagement.tsx,32207,.tsx,other
/home/runner/workspace/fixzit-postgres/frontend/app/(public)/page.tsx,app/(public)/page.tsx,30781,.tsx,other
/home/runner/workspace/fixzit-postgres/frontend/app/(app)/marketplace/page.tsx,app/(app)/marketplace/page.tsx,30169,.tsx,other
/home/runner/workspace/fixzit-postgres/frontend/app/(app)/reports/page.tsx,app/(app)/reports/page.tsx,27459,.tsx,other
/home/runner/workspace/fixzit-postgres/frontend/lib/translations.ts,lib/translations.ts,26695,.ts,other
/home/runner/workspace/fixzit-postgres/frontend/src/components/admin/PolicyManagement.tsx,src/components/admin/PolicyManagement.tsx,25103,.tsx,other
/home/runner/workspace/fixzit-postgres/frontend/app/(app)/settings/page.tsx,app/(app)/settings/page.tsx,21587,.tsx,other
/home/runner/workspace/fixzit-postgres/frontend/src/components/work-orders/WorkOrderDetailView.tsx,src/components/work-orders/WorkOrderDetailView.tsx,21556,.tsx,other
/home/runner/workspace/fixzit-postgres/frontend/lib/finances-api.ts,lib/finances-api.ts,21426,.ts,other
/home/runner/workspace/fixzit-postgres/frontend/src/components/work-orders/EnhancedCreateWorkOrderModal.tsx,src/components/work-orders/EnhancedCreateWorkOrderModal.tsx,19976,.tsx,other
/home/runner/workspace/fixzit-postgres/frontend/app/(app)/support/page.tsx,app/(app)/support/page.tsx,19800,.tsx,other
/home/runner/workspace/fixzit-postgres/frontend/app/(app)/system/page.tsx,app/(app)/system/page.tsx,19221,.tsx,other
/home/runner/workspace/fixzit-postgres/frontend/src/components/properties/PropertyMaintenance.tsx,src/components/properties/PropertyMaintenance.tsx,18896,.tsx,other
/home/runner/workspace/fixzit-postgres/frontend/app/(app)/work-orders/[id]/page.tsx,app/(app)/work-orders/[id]/page.tsx,18770,.tsx,other
/home/runner/workspace/fixzit-postgres/frontend/app/(app)/work-orders/page.tsx,app/(app)/work-orders/page.tsx,18677,.tsx,other
/home/runner/workspace/fixzit-postgres/frontend/src/components/properties/PropertyFinancials.tsx,src/components/properties/PropertyFinancials.tsx,18390,.tsx,other
/home/runner/workspace/fixzit-postgres/frontend/app/(app)/layout.tsx,app/(app)/layout.tsx,17981,.tsx,other
/home/runner/workspace/fixzit-postgres/frontend/src/components/notifications/NotificationCenter.tsx,src/components/notifications/NotificationCenter.tsx,16928,.tsx,other
/home/runner/workspace/fixzit-postgres/frontend/src/components/properties/PropertyDocuments.tsx,src/components/properties/PropertyDocuments.tsx,16914,.tsx,other
/home/runner/workspace/fixzit-postgres/frontend/utils/notificationTriggers.ts,utils/notificationTriggers.ts,16839,.ts,other
/home/runner/workspace/fixzit-postgres/frontend/types/finances.ts,types/finances.ts,16754,.ts,other
/home/runner/workspace/fixzit-postgres/frontend/src/components/properties/PropertyTenants.tsx,src/components/properties/PropertyTenants.tsx,16490,.tsx,other
/home/runner/workspace/fixzit-postgres/frontend/src/components/properties/PropertyUnits.tsx,src/components/properties/PropertyUnits.tsx,16395,.tsx,other
/home/runner/workspace/fixzit-postgres/frontend/src/components/fm/WoCreateWithPhotos.tsx,src/components/fm/WoCreateWithPhotos.tsx,16211,.tsx,other
/home/runner/workspace/fixzit-postgres/frontend/app/(app)/compliance/page.tsx,app/(app)/compliance/page.tsx,15723,.tsx,other
/home/runner/workspace/fixzit-postgres/frontend/docs/reports/ROUTE_INVENTORY.md,docs/reports/ROUTE_INVENTORY.md,15673,.md,other
/home/runner/workspace/fixzit-postgres/frontend/src/components/admin/DelegationOfAuthority.tsx,src/components/admin/DelegationOfAuthority.tsx,15478,.tsx,other
/home/runner/workspace/fixzit-postgres/frontend/tests/smoke.spec.ts,tests/smoke.spec.ts,15477,.ts,other
/home/runner/workspace/fixzit-postgres/frontend/src/components/hr/EmployeeDirectory.tsx,src/components/hr/EmployeeDirectory.tsx,15074,.tsx,other
/home/runner/workspace/fixzit-postgres/frontend/lib/audit-logger.ts,lib/audit-logger.ts,14979,.ts,other
/home/runner/workspace/fixzit-postgres/frontend/src/components/hr/ServiceCatalog.tsx,src/components/hr/ServiceCatalog.tsx,14406,.tsx,other
/home/runner/workspace/fixzit-postgres/frontend/src/components/shared/Sidebar.tsx,src/components/shared/Sidebar.tsx,14072,.tsx,other
/home/runner/workspace/fixzit-postgres/frontend/src/components/work-orders/WorkOrderTableView.tsx,src/components/work-orders/WorkOrderTableView.tsx,13816,.tsx,other
/home/runner/workspace/fixzit-postgres/frontend/app/globals.css,app/globals.css,13614,.css,other
/home/runner/workspace/fixzit-postgres/frontend/src/components/notifications/NotificationPreferences.tsx,src/components/notifications/NotificationPreferences.tsx,13324,.tsx,other
/home/runner/workspace/fixzit-postgres/frontend/app/(auth)/layout.tsx,app/(auth)/layout.tsx,12757,.tsx,other
/home/runner/workspace/fixzit-postgres/frontend/src/components/work-orders/CreateWorkOrderModal.tsx,src/components/work-orders/CreateWorkOrderModal.tsx,12692,.tsx,other
/home/runner/workspace/fixzit-postgres/frontend/types/properties.ts,types/properties.ts,12609,.ts,other
/home/runner/workspace/fixzit-postgres/frontend/src/components/properties/PropertyFilters.tsx,src/components/properties/PropertyFilters.tsx,12598,.tsx,other
/home/runner/workspace/fixzit-postgres/frontend/src/components/hr/AttendanceTracker.tsx,src/components/hr/AttendanceTracker.tsx,12338,.tsx,other
/home/runner/workspace/fixzit-postgres/frontend/lib/edge-auth-middleware.ts,lib/edge-auth-middleware.ts,12229,.ts,other
/home/runner/workspace/fixzit-postgres/frontend/src/components/dashboard/DashboardOverview.tsx,src/components/dashboard/DashboardOverview.tsx,11982,.tsx,other
/home/runner/workspace/fixzit-postgres/frontend/app/(app)/properties/[id]/page.tsx,app/(app)/properties/[id]/page.tsx,11951,.tsx,other
/home/runner/workspace/fixzit-postgres/frontend/src/components/notifications/NotificationBell.tsx,src/components/notifications/NotificationBell.tsx,11679,.tsx,other
/home/runner/workspace/fixzit-postgres/frontend/middleware.ts,middleware.ts,11254,.ts,other
/home/runner/workspace/fixzit-postgres/frontend/src/components/admin/AdministrationClient.tsx,src/components/admin/AdministrationClient.tsx,10898,.tsx,other
/home/runner/workspace/fixzit-postgres/frontend/app/(app)/profile/page.tsx,app/(app)/profile/page.tsx,10785,.tsx,other
/home/runner/workspace/fixzit-postgres/frontend/src/components/ui/ConfirmationDialog.tsx,src/components/ui/ConfirmationDialog.tsx,10663,.tsx,other
/home/runner/workspace/fixzit-postgres/frontend/lib/services/work-orders-service.ts,lib/services/work-orders-service.ts,10579,.ts,other
/home/runner/workspace/fixzit-postgres/frontend/src/components/work-orders/WorkOrderFilters.tsx,src/components/work-orders/WorkOrderFilters.tsx,10544,.tsx,other
/home/runner/workspace/fixzit-postgres/frontend/hooks/usePerformance.ts,hooks/usePerformance.ts,10459,.ts,other
/home/runner/workspace/fixzit-postgres/frontend/lib/api-handler.ts,lib/api-handler.ts,10426,.ts,other
/home/runner/workspace/fixzit-postgres/frontend/lib/types/work-orders.ts,lib/types/work-orders.ts,10204,.ts,other
/home/runner/workspace/fixzit-postgres/frontend/src/components/properties/PropertyOverview.tsx,src/components/properties/PropertyOverview.tsx,10190,.tsx,other
/home/runner/workspace/fixzit-postgres/frontend/tailwind.config.js,tailwind.config.js,9986,.js,other
/home/runner/workspace/fixzit-postgres/frontend/lib/services/crm-service.ts,lib/services/crm-service.ts,9896,.ts,other
/home/runner/workspace/fixzit-postgres/frontend/app/(app)/hr/page.tsx,app/(app)/hr/page.tsx,9851,.tsx,other
/home/runner/workspace/fixzit-postgres/frontend/lib/types/api.ts,lib/types/api.ts,9833,.ts,other
/home/runner/workspace/fixzit-postgres/frontend/lib/types/crm.ts,lib/types/crm.ts,9620,.ts,other
/home/runner/workspace/fixzit-postgres/frontend/utils/notificationHelpers.ts,utils/notificationHelpers.ts,9433,.ts,other
/home/runner/workspace/fixzit-postgres/frontend/app/(app)/dashboard/page.tsx,app/(app)/dashboard/page.tsx,9176,.tsx,other
/home/runner/workspace/fixzit-postgres/frontend/app/(auth)/login/page.tsx,app/(auth)/login/page.tsx,9137,.tsx,other
/home/runner/workspace/fixzit-postgres/frontend/types/work-orders.ts,types/work-orders.ts,8774,.ts,other
/home/runner/workspace/fixzit-postgres/frontend/lib/CENTRALIZED_API_SYSTEM.md,lib/CENTRALIZED_API_SYSTEM.md,8537,.md,other
/home/runner/workspace/fixzit-postgres/frontend/hooks/useOptimisticUpdate.ts,hooks/useOptimisticUpdate.ts,8510,.ts,other
/home/runner/workspace/fixzit-postgres/frontend/lib/types/ui.ts,lib/types/ui.ts,8093,.ts,other
/home/runner/workspace/fixzit-postgres/frontend/lib/IMPLEMENTATION_SUMMARY.md,lib/IMPLEMENTATION_SUMMARY.md,7893,.md,other
/home/runner/workspace/fixzit-postgres/frontend/src/components/work-orders/PhotoUpload.tsx,src/components/work-orders/PhotoUpload.tsx,7773,.tsx,other
/home/runner/workspace/fixzit-postgres/frontend/src/components/work-orders/WorkOrderTimeline.tsx,src/components/work-orders/WorkOrderTimeline.tsx,7735,.tsx,other
/home/runner/workspace/fixzit-postgres/frontend/src/components/work-orders/WorkOrderComments.tsx,src/components/work-orders/WorkOrderComments.tsx,7734,.tsx,other
/home/runner/workspace/fixzit-postgres/frontend/lib/services/hr-service.ts,lib/services/hr-service.ts,7608,.ts,other
/home/runner/workspace/fixzit-postgres/frontend/src/components/properties/PropertyCard.tsx,src/components/properties/PropertyCard.tsx,7536,.tsx,other
/home/runner/workspace/fixzit-postgres/frontend/hooks/useRealtimeData.ts,hooks/useRealtimeData.ts,7484,.ts,other
/home/runner/workspace/fixzit-postgres/frontend/src/components/work-orders/BulkActionsModal.tsx,src/components/work-orders/BulkActionsModal.tsx,7449,.tsx,other
/home/runner/workspace/fixzit-postgres/frontend/src/components/error/ErrorBoundary.tsx,src/components/error/ErrorBoundary.tsx,7378,.tsx,other
/home/runner/workspace/fixzit-postgres/frontend/docs/reports/CONSOLIDATION_REPORT.md,docs/reports/CONSOLIDATION_REPORT.md,7363,.md,other
/home/runner/workspace/fixzit-postgres/frontend/src/components/work-orders/WorkOrderSortAndView.tsx,src/components/work-orders/WorkOrderSortAndView.tsx,7236,.tsx,other
/home/runner/workspace/fixzit-postgres/frontend/src/components/notifications/ToastNotification.tsx,src/components/notifications/ToastNotification.tsx,7004,.tsx,other
/home/runner/workspace/fixzit-postgres/frontend/src/components/work-orders/WorkOrderCard.tsx,src/components/work-orders/WorkOrderCard.tsx,6734,.tsx,other
/home/runner/workspace/fixzit-postgres/frontend/src/components/shared/SimpleChart.tsx,src/components/shared/SimpleChart.tsx,6681,.tsx,other
/home/runner/workspace/fixzit-postgres/frontend/lib/properties-api.ts,lib/properties-api.ts,6662,.ts,other
/home/runner/workspace/fixzit-postgres/frontend/lib/types/performance.ts,lib/types/performance.ts,6662,.ts,other
/home/runner/workspace/fixzit-postgres/frontend/lib/types/dashboard.ts,lib/types/dashboard.ts,6613,.ts,other
/home/runner/workspace/fixzit-postgres/frontend/src/components/loading/LoadingState.tsx,src/components/loading/LoadingState.tsx,6363,.tsx,other
/home/runner/workspace/fixzit-postgres/frontend/src/components/shared/ActivityFeed.tsx,src/components/shared/ActivityFeed.tsx,6348,.tsx,other
/home/runner/workspace/fixzit-postgres/frontend/docs/reports/PAGE_CONSOLIDATION_REPORT.md,docs/reports/PAGE_CONSOLIDATION_REPORT.md,5981,.md,other
/home/runner/workspace/fixzit-postgres/frontend/src/components/properties/PropertyStats.tsx,src/components/properties/PropertyStats.tsx,5639,.tsx,other
/home/runner/workspace/fixzit-postgres/frontend/lib/dashboard-api.ts,lib/dashboard-api.ts,5577,.ts,other
/home/runner/workspace/fixzit-postgres/frontend/src/components/work-orders/WorkOrderKanbanBoard.tsx,src/components/work-orders/WorkOrderKanbanBoard.tsx,4841,.tsx,other
/home/runner/workspace/fixzit-postgres/frontend/lib/rate-limiter.ts,lib/rate-limiter.ts,4778,.ts,other
/home/runner/workspace/fixzit-postgres/frontend/FINAL_CLEANUP_REPORT.md,FINAL_CLEANUP_REPORT.md,4402,.md,other
/home/runner/workspace/fixzit-postgres/frontend/src/components/shared/QuickActions.tsx,src/components/shared/QuickActions.tsx,4367,.tsx,other
/home/runner/workspace/fixzit-postgres/frontend/lib/services/dashboard-service.ts,lib/services/dashboard-service.ts,4351,.ts,other
/home/runner/workspace/fixzit-postgres/frontend/docs/reports/STRUCTURE_REPORT.md,docs/reports/STRUCTURE_REPORT.md,4225,.md,other
/home/runner/workspace/fixzit-postgres/frontend/src/components/properties/PropertySortAndView.tsx,src/components/properties/PropertySortAndView.tsx,4199,.tsx,other
/home/runner/workspace/fixzit-postgres/frontend/lib/services/api-client.ts,lib/services/api-client.ts,4133,.ts,other
/home/runner/workspace/fixzit-postgres/frontend/lib/i18n.ts,lib/i18n.ts,4101,.ts,other
/home/runner/workspace/fixzit-postgres/frontend/lib/types/rbac.ts,lib/types/rbac.ts,4050,.ts,other
/home/runner/workspace/fixzit-postgres/frontend/src/components/theme/AnimatedKPI.tsx,src/components/theme/AnimatedKPI.tsx,3932,.tsx,other
/home/runner/workspace/fixzit-postgres/frontend/lib/work-orders-api.ts,lib/work-orders-api.ts,3700,.ts,other
/home/runner/workspace/fixzit-postgres/frontend/src/components/shared/LanguageSwitcher.tsx,src/components/shared/LanguageSwitcher.tsx,3612,.tsx,other
/home/runner/workspace/fixzit-postgres/frontend/src/components/shared/Header.tsx,src/components/shared/Header.tsx,3454,.tsx,other
/home/runner/workspace/fixzit-postgres/frontend/src/components/theme/GlassInput.tsx,src/components/theme/GlassInput.tsx,3397,.tsx,other
/home/runner/workspace/fixzit-postgres/frontend/src/components/theme/QuickActionDock.tsx,src/components/theme/QuickActionDock.tsx,3359,.tsx,other
/home/runner/workspace/fixzit-postgres/frontend/types/preventive-maintenance.ts,types/preventive-maintenance.ts,3261,.ts,other
/home/runner/workspace/fixzit-postgres/frontend/src/components/work-orders/WorkOrderStats.tsx,src/components/work-orders/WorkOrderStats.tsx,3177,.tsx,other
/home/runner/workspace/fixzit-postgres/frontend/src/components/shared/KPICard.tsx,src/components/shared/KPICard.tsx,2975,.tsx,other
/home/runner/workspace/fixzit-postgres/frontend/types/reports.ts,types/reports.ts,2956,.ts,other
/home/runner/workspace/fixzit-postgres/frontend/lib/auth.ts,lib/auth.ts,2672,.ts,other
/home/runner/workspace/fixzit-postgres/frontend/contexts/I18nContext.tsx,contexts/I18nContext.tsx,2635,.tsx,other
/home/runner/workspace/fixzit-postgres/frontend/src/components/theme/GlassButton.tsx,src/components/theme/GlassButton.tsx,2592,.tsx,other
/home/runner/workspace/fixzit-postgres/frontend/app/api/[...path]/route.ts,app/api/[...path]/route.ts,2510,.ts,other
/home/runner/workspace/fixzit-postgres/frontend/types/compliance.ts,types/compliance.ts,2422,.ts,other
/home/runner/workspace/fixzit-postgres/frontend/lib/utils.ts,lib/utils.ts,2204,.ts,other
/home/runner/workspace/fixzit-postgres/frontend/types/system.ts,types/system.ts,2172,.ts,other
/home/runner/workspace/fixzit-postgres/frontend/playwright.config.ts,playwright.config.ts,2092,.ts,other
/home/runner/workspace/fixzit-postgres/frontend/src/components/work-orders/QuickActions.tsx,src/components/work-orders/QuickActions.tsx,2045,.tsx,other
/home/runner/workspace/fixzit-postgres/frontend/lib/realtime.ts,lib/realtime.ts,2037,.ts,other
/home/runner/workspace/fixzit-postgres/frontend/next.config.js,next.config.js,2005,.js,other
/home/runner/workspace/fixzit-postgres/frontend/src/utils/nextParam.ts,src/utils/nextParam.ts,1793,.ts,other
/home/runner/workspace/fixzit-postgres/frontend/src/components/theme/GlassCard.tsx,src/components/theme/GlassCard.tsx,1718,.tsx,other
/home/runner/workspace/fixzit-postgres/frontend/types/support.ts,types/support.ts,1613,.ts,other
/home/runner/workspace/fixzit-postgres/frontend/lib/services/index.ts,lib/services/index.ts,1594,.ts,other
/home/runner/workspace/fixzit-postgres/frontend/app/(app)/admin/page.tsx,app/(app)/admin/page.tsx,1575,.tsx,other
/home/runner/workspace/fixzit-postgres/frontend/lib/database.ts,lib/database.ts,1553,.ts,other
/home/runner/workspace/fixzit-postgres/frontend/lib/backend-prisma.ts,lib/backend-prisma.ts,1349,.ts,other
/home/runner/workspace/fixzit-postgres/frontend/src/utils/auth.ts,src/utils/auth.ts,1328,.ts,other
/home/runner/workspace/fixzit-postgres/frontend/src/utils/safeNavigate.ts,src/utils/safeNavigate.ts,1182,.ts,other
/home/runner/workspace/fixzit-postgres/frontend/src/components/theme/AuroraBackground.tsx,src/components/theme/AuroraBackground.tsx,1120,.tsx,other
/home/runner/workspace/fixzit-postgres/frontend/package.json,package.json,1048,.json,other
/home/runner/workspace/fixzit-postgres/frontend/app/layout.tsx,app/layout.tsx,996,.tsx,other
/home/runner/workspace/fixzit-postgres/frontend/scripts/setup.sh,scripts/setup.sh,960,.sh,other
/home/runner/workspace/fixzit-postgres/frontend/scripts/update-imports.sh,scripts/update-imports.sh,928,.sh,other
/home/runner/workspace/fixzit-postgres/frontend/tsconfig.json,tsconfig.json,917,.json,other
/home/runner/workspace/fixzit-postgres/frontend/src/hooks/useRequireAuth.ts,src/hooks/useRequireAuth.ts,817,.ts,other
/home/runner/workspace/fixzit-postgres/frontend/lib/api.ts,lib/api.ts,774,.ts,other
/home/runner/workspace/fixzit-postgres/frontend/hooks/useDebounce.ts,hooks/useDebounce.ts,626,.ts,other
/home/runner/workspace/fixzit-postgres/frontend/src/components/theme/index.ts,src/components/theme/index.ts,594,.ts,other
/home/runner/workspace/fixzit-postgres/frontend/app/(public)/layout.tsx,app/(public)/layout.tsx,305,.tsx,other
/home/runner/workspace/fixzit-postgres/frontend/next-env.d.ts,next-env.d.ts,201,.ts,other
/home/runner/workspace/fixzit-postgres/frontend/Dockerfile,Dockerfile,198,,other
/home/runner/workspace/fixzit-postgres/frontend/postcss.config.js,postcss.config.js,82,.js,other
/home/runner/workspace/fixzit-postgres/frontend/.env.local,.env.local,61,.local,other
