path,size_bytes
/home/runner/workspace/fixzit-postgres/frontend/src,620559
/home/runner/workspace/fixzit-postgres/frontend/src/components,615439
/home/runner/workspace/fixzit-postgres/frontend/app,476248
/home/runner/workspace/fixzit-postgres/frontend/app/(app),406148
/home/runner/workspace/fixzit-postgres/frontend/lib,230828
/home/runner/workspace/fixzit-postgres/frontend/lib/types,55075
/home/runner/workspace/fixzit-postgres/frontend/types,50561
/home/runner/workspace/fixzit-postgres/frontend/lib/services,38161
/home/runner/workspace/fixzit-postgres/frontend/docs,33242
/home/runner/workspace/fixzit-postgres/frontend/docs/reports,33242
/home/runner/workspace/fixzit-postgres/frontend/app/(public),31086
/home/runner/workspace/fixzit-postgres/frontend/hooks,27079
/home/runner/workspace/fixzit-postgres/frontend/utils,26272
/home/runner/workspace/fixzit-postgres/frontend/app/(auth),21894
/home/runner/workspace/fixzit-postgres/frontend/tests,15477
/home/runner/workspace/fixzit-postgres/frontend/src/utils,4303
/home/runner/workspace/fixzit-postgres/frontend/contexts,2635
/home/runner/workspace/fixzit-postgres/frontend/app/api,2510
/home/runner/workspace/fixzit-postgres/frontend/scripts,1888
/home/runner/workspace/fixzit-postgres/frontend/src/hooks,817
