path,size_bytes
/home/runner/workspace/fixzit-postgres/frontend/src,620559
/home/runner/workspace/fixzit-postgres/frontend/src/components,615439
/home/runner/workspace/fixzit-postgres/frontend/app,476248
/home/runner/workspace/fixzit-postgres/frontend/app/(app),406148
/home/runner/workspace/fixzit-postgres/frontend/lib,230828
/home/runner/workspace/fixzit-postgres/frontend/src/components/admin,153313
/home/runner/workspace/fixzit-postgres/frontend/src/components/work-orders,133308
/home/runner/workspace/fixzit-postgres/frontend/src/components/properties,127247
/home/runner/workspace/fixzit-postgres/frontend/app/(app)/properties,61284
/home/runner/workspace/fixzit-postgres/frontend/lib/types,55075
/home/runner/workspace/fixzit-postgres/frontend/app/(app)/finance,53738
/home/runner/workspace/fixzit-postgres/frontend/types,50561
/home/runner/workspace/fixzit-postgres/frontend/src/components/notifications,48935
/home/runner/workspace/fixzit-postgres/frontend/src/components/hr,41818
/home/runner/workspace/fixzit-postgres/frontend/src/components/shared,41509
/home/runner/workspace/fixzit-postgres/frontend/lib/services,38161
/home/runner/workspace/fixzit-postgres/frontend/app/(app)/crm,38083
/home/runner/workspace/fixzit-postgres/frontend/app/(app)/work-orders,37447
/home/runner/workspace/fixzit-postgres/frontend/docs,33242
/home/runner/workspace/fixzit-postgres/frontend/docs/reports,33242
/home/runner/workspace/fixzit-postgres/frontend/app/(app)/preventive-maintenance,32269
/home/runner/workspace/fixzit-postgres/frontend/app/(public),31086
/home/runner/workspace/fixzit-postgres/frontend/app/(app)/marketplace,30169
/home/runner/workspace/fixzit-postgres/frontend/app/(app)/reports,27459
/home/runner/workspace/fixzit-postgres/frontend/hooks,27079
/home/runner/workspace/fixzit-postgres/frontend/utils,26272
/home/runner/workspace/fixzit-postgres/frontend/app/(auth),21894
/home/runner/workspace/fixzit-postgres/frontend/app/(app)/settings,21587
/home/runner/workspace/fixzit-postgres/frontend/app/(app)/support,19800
/home/runner/workspace/fixzit-postgres/frontend/app/(app)/system,19221
/home/runner/workspace/fixzit-postgres/frontend/src/components/theme,16712
/home/runner/workspace/fixzit-postgres/frontend/src/components/fm,16211
/home/runner/workspace/fixzit-postgres/frontend/app/(app)/compliance,15723
/home/runner/workspace/fixzit-postgres/frontend/tests,15477
/home/runner/workspace/fixzit-postgres/frontend/src/components/dashboard,11982
/home/runner/workspace/fixzit-postgres/frontend/app/(app)/profile,10785
/home/runner/workspace/fixzit-postgres/frontend/src/components/ui,10663
/home/runner/workspace/fixzit-postgres/frontend/app/(app)/hr,9851
/home/runner/workspace/fixzit-postgres/frontend/app/(app)/dashboard,9176
/home/runner/workspace/fixzit-postgres/frontend/app/(auth)/login,9137
/home/runner/workspace/fixzit-postgres/frontend/src/components/error,7378
/home/runner/workspace/fixzit-postgres/frontend/src/components/loading,6363
/home/runner/workspace/fixzit-postgres/frontend/src/utils,4303
/home/runner/workspace/fixzit-postgres/frontend/contexts,2635
/home/runner/workspace/fixzit-postgres/frontend/app/api,2510
/home/runner/workspace/fixzit-postgres/frontend/app/api/[...path],2510
/home/runner/workspace/fixzit-postgres/frontend/scripts,1888
/home/runner/workspace/fixzit-postgres/frontend/app/(app)/admin,1575
/home/runner/workspace/fixzit-postgres/frontend/src/hooks,817
