path,size_bytes
/home/runner/workspace/fixzit-postgres/frontend/src,620559
/home/runner/workspace/fixzit-postgres/frontend/app,476248
/home/runner/workspace/fixzit-postgres/frontend/lib,230828
/home/runner/workspace/fixzit-postgres/frontend/types,50561
/home/runner/workspace/fixzit-postgres/frontend/docs,33242
/home/runner/workspace/fixzit-postgres/frontend/hooks,27079
/home/runner/workspace/fixzit-postgres/frontend/utils,26272
/home/runner/workspace/fixzit-postgres/frontend/tests,15477
/home/runner/workspace/fixzit-postgres/frontend/contexts,2635
/home/runner/workspace/fixzit-postgres/frontend/scripts,1888
