{
  "global": {
    "first_contentful_paint_ms": 1800,
    "largest_contentful_paint_ms": 2500,
    "cumulative_layout_shift": 0.10,
    "total_blocking_time_ms": 200,
    "time_to_interactive_ms": 3000,
    "speed_index_ms": 2000
  },
  "pages": {
    "/": {
      "first_contentful_paint_ms": 1500,
      "largest_contentful_paint_ms": 2000
    },
    "/dashboard": {
      "first_contentful_paint_ms": 2000,
      "largest_contentful_paint_ms": 2800
    },
    "/reports": {
      "first_contentful_paint_ms": 2200,
      "largest_contentful_paint_ms": 3000
    }
  }
}